FIPS,County,State,SY2024_25,MMR_Latest,School_Year,Vac_Type
,Anchorage,AK,0.76,0.76,2024-25,2 MMR
,Gulf Coast,AK,0.73,0.73,2024-25,2 MMR
,Interior,AK,0.62,0.62,2024-25,2 MMR
,Mat-Su,AK,0.74,0.74,2024-25,2 MMR
,Northern,AK,0.94,0.94,2024-25,2 MMR
,Southeast,AK,0.83,0.83,2024-25,2 MMR
,Southwest,AK,0.91,0.91,2024-25,2 MMR
1001,Autauga,AL,0.936,0.936,2024-25,2 MMR
1003,Baldwin,AL,0.9332,0.9332,2024-25,2 MMR
1005,Barbour,AL,0.9833,0.9833,2024-25,2 MMR
1007,Bibb,AL,0.9592,0.9592,2024-25,2 MMR
1009,Blount,AL,0.9717,0.9717,2024-25,2 MMR
1011,Bullock,AL,0.9487,0.9487,2024-25,2 MMR
1013,Butler,AL,0.9304,0.9304,2024-25,2 MMR
1015,Calhoun,AL,0.9435,0.9435,2024-25,2 MMR
1017,Chambers,AL,0.9705,0.9705,2024-25,2 MMR
1019,Cherokee,AL,0.9479,0.9479,2024-25,2 MMR
1021,Chilton,AL,0.954,0.954,2024-25,2 MMR
1023,Choctaw,AL,0.8977,0.8977,2024-25,2 MMR
1025,Clarke,AL,0.9478,0.9478,2024-25,2 MMR
1027,Clay,AL,0.933,0.933,2024-25,2 MMR
1029,Cleburne,AL,0.9144,0.9144,2024-25,2 MMR
1031,Coffee,AL,0.9535,0.9535,2024-25,2 MMR
1033,Colbert,AL,0.9597,0.9597,2024-25,2 MMR
1035,Conecuh,AL,0.9302,0.9302,2024-25,2 MMR
1037,Coosa,AL,1,1,2024-25,2 MMR
1039,Covington,AL,0.9626,0.9626,2024-25,2 MMR
1041,Crenshaw,AL,0.9527,0.9527,2024-25,2 MMR
1043,Cullman,AL,0.938,0.938,2024-25,2 MMR
1045,Dale,AL,0.9649,0.9649,2024-25,2 MMR
1047,Dallas,AL,0.9474,0.9474,2024-25,2 MMR
1049,DeKalb,AL,0.9273,0.9273,2024-25,2 MMR
1051,Elmore,AL,0.9288,0.9288,2024-25,2 MMR
1053,Escambia,AL,0.9656,0.9656,2024-25,2 MMR
1055,Etowah,AL,0.9409,0.9409,2024-25,2 MMR
1057,Fayette,AL,0.9365,0.9365,2024-25,2 MMR
1059,Franklin,AL,0.9939,0.9939,2024-25,2 MMR
1061,Geneva,AL,0.9817,0.9817,2024-25,2 MMR
1063,Greene,AL,0.85,0.85,2024-25,2 MMR
1065,Hale,AL,0.963,0.963,2024-25,2 MMR
1067,Henry,AL,0.9581,0.9581,2024-25,2 MMR
1069,Houston,AL,0.9509,0.9509,2024-25,2 MMR
1071,Jackson,AL,0.9354,0.9354,2024-25,2 MMR
1073,Jefferson,AL,0.9643,0.9643,2024-25,2 MMR
1075,Lamar,AL,0.9636,0.9636,2024-25,2 MMR
1077,Lauderdale,AL,0.9609,0.9609,2024-25,2 MMR
1079,Lawrence,AL,0.941,0.941,2024-25,2 MMR
1081,Lee,AL,0.9702,0.9702,2024-25,2 MMR
1083,Limestone,AL,0.9474,0.9474,2024-25,2 MMR
1085,Lowndes,AL,0.9099,0.9099,2024-25,2 MMR
1087,Macon,AL,0.9394,0.9394,2024-25,2 MMR
1089,Madison,AL,0.9527,0.9527,2024-25,2 MMR
1091,Marengo,AL,0.9469,0.9469,2024-25,2 MMR
1093,Marion,AL,0.9332,0.9332,2024-25,2 MMR
1095,Marshall,AL,0.9666,0.9666,2024-25,2 MMR
1097,Mobile,AL,0.9469,0.9469,2024-25,2 MMR
1099,Monroe,AL,0.9615,0.9615,2024-25,2 MMR
1101,Montgomery,AL,0.9495,0.9495,2024-25,2 MMR
1103,Morgan,AL,0.9612,0.9612,2024-25,2 MMR
1105,Perry,AL,0.9512,0.9512,2024-25,2 MMR
1107,Pickens,AL,0.9426,0.9426,2024-25,2 MMR
1109,Pike,AL,0.9665,0.9665,2024-25,2 MMR
1111,Randolph,AL,0.9667,0.9667,2024-25,2 MMR
1113,Russell,AL,0.9461,0.9461,2024-25,2 MMR
1115,St Clair,AL,0.9274,0.9274,2024-25,2 MMR
1117,Shelby,AL,0.9547,0.9547,2024-25,2 MMR
1119,Sumter,AL,1,1,2024-25,2 MMR
1121,Talladega,AL,0.9651,0.9651,2024-25,2 MMR
1123,Tallapoosa,AL,0.9727,0.9727,2024-25,2 MMR
1125,Tuscaloosa,AL,0.9272,0.9272,2024-25,2 MMR
1127,Walker,AL,0.9651,0.9651,2024-25,2 MMR
1129,Washington,AL,0.9275,0.9275,2024-25,2 MMR
1131,Wilcox,AL,0.8571,0.8571,2024-25,2 MMR
1133,Winston,AL,0.9231,0.9231,2024-25,2 MMR
4001,Apache,AZ,0.878,0.878,2024-25,2 MMR
4003,Cochise,AZ,0.923,0.923,2024-25,2 MMR
4005,Coconino,AZ,0.852,0.852,2024-25,2 MMR
4007,Gila,AZ,0.854,0.854,2024-25,2 MMR
4009,Graham,AZ,0.873,0.873,2024-25,2 MMR
4011,Greenlee,AZ,0.806,0.806,2024-25,2 MMR
4012,La Paz,AZ,0.9,0.9,2024-25,2 MMR
4013,Maricopa,AZ,0.882,0.882,2024-25,2 MMR
4015,Mohave,AZ,0.784,0.784,2024-25,2 MMR
4017,Navajo,AZ,0.8,0.8,2024-25,2 MMR
4019,Pima,AZ,0.935,0.935,2024-25,2 MMR
4021,Pinal,AZ,0.899,0.899,2024-25,2 MMR
4023,Santa Cruz,AZ,0.982,0.982,2024-25,2 MMR
4025,Yavapai,AZ,0.753,0.753,2024-25,2 MMR
4027,Yuma,AZ,0.945,0.945,2024-25,2 MMR
6001,Alameda,CA,0.97051,0.97051,2024-25,2 MMR
6003,Alpine,CA,,,2024-25,2 MMR
6005,Amador,CA,0.9532,0.9532,2024-25,2 MMR
6007,Butte,CA,0.96591,0.96591,2024-25,2 MMR
6009,Calaveras,CA,0.94862,0.94862,2024-25,2 MMR
6011,Colusa,CA,0.96181,0.96181,2024-25,2 MMR
6013,Contra Costa,CA,0.97928,0.97928,2024-25,2 MMR
6015,Del Norte,CA,0.93075,0.93075,2024-25,2 MMR
6017,El Dorado,CA,0.7664,0.7664,2024-25,2 MMR
6019,Fresno,CA,0.974,0.974,2024-25,2 MMR
6021,Glenn,CA,0.84473,0.84473,2024-25,2 MMR
6023,Humboldt,CA,0.93358,0.93358,2024-25,2 MMR
6025,Imperial,CA,0.99098,0.99098,2024-25,2 MMR
6027,Inyo,CA,0.98157,0.98157,2024-25,2 MMR
6029,Kern,CA,0.89325,0.89325,2024-25,2 MMR
6031,Kings,CA,0.97917,0.97917,2024-25,2 MMR
6033,Lake,CA,0.97759,0.97759,2024-25,2 MMR
6035,Lassen,CA,0.95103,0.95103,2024-25,2 MMR
6037,Los Angeles,CA,0.97352,0.97352,2024-25,2 MMR
6039,Madera,CA,0.97727,0.97727,2024-25,2 MMR
6041,Marin,CA,0.99034,0.99034,2024-25,2 MMR
6043,Mariposa,CA,0.98361,0.98361,2024-25,2 MMR
6045,Mendocino,CA,0.96403,0.96403,2024-25,2 MMR
6047,Merced,CA,0.97941,0.97941,2024-25,2 MMR
6049,Modoc,CA,0.99,0.99,2024-25,2 MMR
6051,Mono,CA,0.99,0.99,2024-25,2 MMR
6053,Monterey,CA,0.98187,0.98187,2024-25,2 MMR
6055,Napa,CA,0.97352,0.97352,2024-25,2 MMR
6057,Nevada,CA,0.87337,0.87337,2024-25,2 MMR
6059,Orange,CA,0.97842,0.97842,2024-25,2 MMR
6061,Placer,CA,0.96144,0.96144,2024-25,2 MMR
6063,Plumas,CA,0.95431,0.95431,2024-25,2 MMR
6065,Riverside,CA,0.95327,0.95327,2024-25,2 MMR
6067,Sacramento,CA,0.96313,0.96313,2024-25,2 MMR
6069,San Benito,CA,0.98852,0.98852,2024-25,2 MMR
6071,San Bernardino,CA,0.93729,0.93729,2024-25,2 MMR
6073,San Diego,CA,0.93706,0.93706,2024-25,2 MMR
6075,San Francisco,CA,0.98097,0.98097,2024-25,2 MMR
6077,San Joaquin,CA,0.95974,0.95974,2024-25,2 MMR
6079,San Luis Obispo,CA,0.97299,0.97299,2024-25,2 MMR
6081,San Mateo,CA,0.97567,0.97567,2024-25,2 MMR
6083,Santa Barbara,CA,0.98478,0.98478,2024-25,2 MMR
6085,Santa Clara,CA,0.99021,0.99021,2024-25,2 MMR
6087,Santa Cruz,CA,0.91092,0.91092,2024-25,2 MMR
6089,Shasta,CA,0.94368,0.94368,2024-25,2 MMR
6091,Sierra,CA,0.94828,0.94828,2024-25,2 MMR
6093,Siskiyou,CA,0.9687,0.9687,2024-25,2 MMR
6095,Solano,CA,0.98515,0.98515,2024-25,2 MMR
6097,Sonoma,CA,0.96058,0.96058,2024-25,2 MMR
6099,Stanislaus,CA,0.95648,0.95648,2024-25,2 MMR
6101,Sutter,CA,0.77217,0.77217,2024-25,2 MMR
6103,Tehama,CA,0.97516,0.97516,2024-25,2 MMR
6105,Trinity,CA,0.9037,0.9037,2024-25,2 MMR
6107,Tulare,CA,0.97501,0.97501,2024-25,2 MMR
6109,Tuolumne,CA,0.90047,0.90047,2024-25,2 MMR
6111,Ventura,CA,0.96377,0.96377,2024-25,2 MMR
6113,Yolo,CA,0.97685,0.97685,2024-25,2 MMR
6115,Yuba,CA,0.96114,0.96114,2024-25,2 MMR
8001,Adams,CO,0.9163,0.9163,2024-25,2 MMR
8003,Alamosa,CO,0.8,0.8,2024-25,2 MMR
8005,Arapahoe,CO,0.8671,0.8671,2024-25,2 MMR
8007,Archuleta,CO,0.8148,0.8148,2024-25,2 MMR
8009,Baca,CO,0.907,0.907,2024-25,2 MMR
8011,Bent,CO,0.9565,0.9565,2024-25,2 MMR
8013,Boulder,CO,0.9055,0.9055,2024-25,2 MMR
8014,Broomfield,CO,0.9257,0.9257,2024-25,2 MMR
8015,Chaffee,CO,0.8261,0.8261,2024-25,2 MMR
8017,Cheyenne,CO,0.8182,0.8182,2024-25,2 MMR
8019,Clear Creek,CO,0.7551,0.7551,2024-25,2 MMR
8021,Conejos,CO,0.9059,0.9059,2024-25,2 MMR
8023,Costilla,CO,0.9722,0.9722,2024-25,2 MMR
8025,Crowley,CO,0.8824,0.8824,2024-25,2 MMR
8027,Custer,CO,0.8947,0.8947,2024-25,2 MMR
8029,Delta,CO,0.8,0.8,2024-25,2 MMR
8031,Denver,CO,0.8688,0.8688,2024-25,2 MMR
8033,Dolores,CO,0.7778,0.7778,2024-25,2 MMR
8035,Douglas,CO,0.91,0.91,2024-25,2 MMR
8037,Eagle,CO,0.9036,0.9036,2024-25,2 MMR
8039,Elbert,CO,0.795,0.795,2024-25,2 MMR
8041,El Paso,CO,0.7652,0.7652,2024-25,2 MMR
8043,Fremont,CO,0.8731,0.8731,2024-25,2 MMR
8045,Garfield,CO,0.9386,0.9386,2024-25,2 MMR
8047,Gilpin,CO,0.96,0.96,2024-25,2 MMR
8049,Grand,CO,0.84,0.84,2024-25,2 MMR
8051,Gunnison,CO,0.8456,0.8456,2024-25,2 MMR
8053,Hinsdale,CO,0.8,0.8,2024-25,2 MMR
8055,Huerfano,CO,0.9184,0.9184,2024-25,2 MMR
8057,Jackson,CO,0.875,0.875,2024-25,2 MMR
8059,Jefferson,CO,0.917,0.917,2024-25,2 MMR
8061,Kiowa,CO,1,1,2024-25,2 MMR
8063,Kit Carson,CO,0.8947,0.8947,2024-25,2 MMR
8065,Lake,CO,0.875,0.875,2024-25,2 MMR
8067,La Plata,CO,0.8987,0.8987,2024-25,2 MMR
8069,Larimer,CO,0.9047,0.9047,2024-25,2 MMR
8071,Las Animas,CO,0.8182,0.8182,2024-25,2 MMR
8073,Lincoln,CO,0.8644,0.8644,2024-25,2 MMR
8075,Logan,CO,0.9375,0.9375,2024-25,2 MMR
8077,Mesa,CO,0.8567,0.8567,2024-25,2 MMR
8079,Mineral,CO,1,1,2024-25,2 MMR
8081,Moffat,CO,0.9512,0.9512,2024-25,2 MMR
8083,Montezuma,CO,0.8378,0.8378,2024-25,2 MMR
8085,Montrose,CO,0.8564,0.8564,2024-25,2 MMR
8087,Morgan,CO,0.9203,0.9203,2024-25,2 MMR
8089,Otero,CO,0.932,0.932,2024-25,2 MMR
8091,Ouray,CO,0.8846,0.8846,2024-25,2 MMR
8093,Park,CO,0.8588,0.8588,2024-25,2 MMR
8095,Phillips,CO,0.9804,0.9804,2024-25,2 MMR
8097,Pitkin,CO,0.88,0.88,2024-25,2 MMR
8099,Prowers,CO,0.9701,0.9701,2024-25,2 MMR
8101,Pueblo,CO,0.8713,0.8713,2024-25,2 MMR
8103,Rio Blanco,CO,0.8814,0.8814,2024-25,2 MMR
8105,Rio Grande,CO,0.9417,0.9417,2024-25,2 MMR
8107,Routt,CO,0.9426,0.9426,2024-25,2 MMR
8109,Saguache,CO,0.8116,0.8116,2024-25,2 MMR
8111,San Juan,CO,0.8333,0.8333,2024-25,2 MMR
8113,San Miguel,CO,0.863,0.863,2024-25,2 MMR
8115,Sedgwick,CO,0.75,0.75,2024-25,2 MMR
8117,Summit,CO,0.9476,0.9476,2024-25,2 MMR
8119,Teller,CO,0.7811,0.7811,2024-25,2 MMR
8121,Washington,CO,0.9259,0.9259,2024-25,2 MMR
8123,Weld,CO,0.9292,0.9292,2024-25,2 MMR
8125,Yuma,CO,0.9587,0.9587,2024-25,2 MMR
9001,Fairfield,CT,,,2024-25,2 MMR
9003,Hartford,CT,,,2024-25,2 MMR
9005,Litchfield,CT,,,2024-25,2 MMR
9007,Middlesex,CT,,,2024-25,2 MMR
9009,New Haven,CT,,,2024-25,2 MMR
9011,New London,CT,,,2024-25,2 MMR
9013,Tolland,CT,,,2024-25,2 MMR
9015,Windham,CT,,,2024-25,2 MMR
9110,Capitol,CT,0.987,0.987,2024-25,2 MMR
9120,Greater Bridgeport,CT,0.962,0.962,2024-25,2 MMR
9130,Lower CT River Valley,CT,0.982,0.982,2024-25,2 MMR
9140,Naugatuck Valley,CT,0.987,0.987,2024-25,2 MMR
9150,Northeast CT,CT,0.975,0.975,2024-25,2 MMR
9160,Northwest Hills,CT,0.955,0.955,2024-25,2 MMR
9170,South Central,CT,0.987,0.987,2024-25,2 MMR
9180,Southeastern CT,CT,0.983,0.983,2024-25,2 MMR
9190,Western,CT,0.983,0.983,2024-25,2 MMR
11001,District of Columbia,DC,0.927,0.927,2024-25,2 MMR
12001,Alachua,FL,0.919,0.919,2024-25,Full Series
12003,Baker,FL,0.954,0.954,2024-25,Full Series
12005,Bay,FL,0.853,0.853,2024-25,Full Series
12007,Bradford,FL,0.949,0.949,2024-25,Full Series
12009,Brevard,FL,0.909,0.909,2024-25,Full Series
12011,Broward,FL,0.822,0.822,2024-25,Full Series
12013,Calhoun,FL,0.98,0.98,2024-25,Full Series
12015,Charlotte,FL,0.892,0.892,2024-25,Full Series
12017,Citrus,FL,0.908,0.908,2024-25,Full Series
12019,Clay,FL,0.936,0.936,2024-25,Full Series
12021,Collier,FL,0.863,0.863,2024-25,Full Series
12023,Columbia,FL,0.929,0.929,2024-25,Full Series
12027,De Soto,FL,0.911,0.911,2024-25,Full Series
12029,Dixie,FL,0.936,0.936,2024-25,Full Series
12031,Duval,FL,0.899,0.899,2024-25,Full Series
12033,Escambia,FL,0.889,0.889,2024-25,Full Series
12035,Flagler,FL,0.887,0.887,2024-25,Full Series
12037,Franklin,FL,0.912,0.912,2024-25,Full Series
12039,Gadsden,FL,0.798,0.798,2024-25,Full Series
12041,Gilchrist,FL,0.921,0.921,2024-25,Full Series
12043,Glades,FL,0.94,0.94,2024-25,Full Series
12045,Gulf,FL,0.945,0.945,2024-25,Full Series
12047,Hamilton,FL,0.97,0.97,2024-25,Full Series
12049,Hardee,FL,0.954,0.954,2024-25,Full Series
12051,Hendry,FL,0.912,0.912,2024-25,Full Series
12053,Hernando,FL,0.89,0.89,2024-25,Full Series
12055,Highlands,FL,0.898,0.898,2024-25,Full Series
12057,Hillsborough,FL,0.86,0.86,2024-25,Full Series
12059,Holmes,FL,0.936,0.936,2024-25,Full Series
12061,Indian River,FL,0.912,0.912,2024-25,Full Series
12063,Jackson,FL,0.922,0.922,2024-25,Full Series
12065,Jefferson,FL,0.978,0.978,2024-25,Full Series
12067,Lafayette,FL,0.918,0.918,2024-25,Full Series
12069,Lake,FL,0.86,0.86,2024-25,Full Series
12071,Lee,FL,0.924,0.924,2024-25,Full Series
12073,Leon,FL,0.938,0.938,2024-25,Full Series
12075,Levy,FL,0.954,0.954,2024-25,Full Series
12077,Liberty,FL,0.936,0.936,2024-25,Full Series
12079,Madison,FL,0.93,0.93,2024-25,Full Series
12081,Manatee,FL,0.898,0.898,2024-25,Full Series
12083,Marion,FL,0.908,0.908,2024-25,Full Series
12085,Martin,FL,0.885,0.885,2024-25,Full Series
12086,Miami-Dade,FL,0.91,0.91,2024-25,Full Series
12087,Monroe,FL,0.92,0.92,2024-25,Full Series
12089,Nassau,FL,0.918,0.918,2024-25,Full Series
12091,Okaloosa,FL,0.9,0.9,2024-25,Full Series
12093,Okeechobee,FL,0.938,0.938,2024-25,Full Series
12095,Orange,FL,0.854,0.854,2024-25,Full Series
12097,Osceola,FL,0.863,0.863,2024-25,Full Series
12099,Palm Beach,FL,0.898,0.898,2024-25,Full Series
12101,Pasco,FL,0.919,0.919,2024-25,Full Series
12103,Pinellas,FL,0.873,0.873,2024-25,Full Series
12105,Polk,FL,0.925,0.925,2024-25,Full Series
12107,Putnam,FL,0.901,0.901,2024-25,Full Series
12109,St Johns,FL,0.906,0.906,2024-25,Full Series
12111,St Lucie,FL,0.88,0.88,2024-25,Full Series
12113,Santa Rosa,FL,0.91,0.91,2024-25,Full Series
12115,Sarasota,FL,0.799,0.799,2024-25,Full Series
12117,Seminole,FL,0.9,0.9,2024-25,Full Series
12119,Sumter,FL,0.906,0.906,2024-25,Full Series
12121,Suwannee,FL,0.893,0.893,2024-25,Full Series
12123,Taylor,FL,0.971,0.971,2024-25,Full Series
12125,Union,FL,0.935,0.935,2024-25,Full Series
12127,Volusia,FL,0.886,0.886,2024-25,Full Series
12129,Wakulla,FL,0.863,0.863,2024-25,Full Series
12131,Walton,FL,0.885,0.885,2024-25,Full Series
12133,Washington,FL,0.881,0.881,2024-25,Full Series
15001,Hawaii,HI,0.7611,0.7611,2024-25,Full Series
15003,Honolulu,HI,0.8282,0.8282,2024-25,Full Series
15005,Kalawao,HI,,,2024-25,Full Series
15007,Kauai,HI,0.6616,0.6616,2024-25,Full Series
15009,Maui,HI,0.6943,0.6943,2024-25,Full Series
19001,Adair,IA,0.9,0.9,2024-25,Full Series
19003,Adams,IA,0.83333333,0.83333333,2024-25,Full Series
19005,Allamakee,IA,0.88780488,0.88780488,2024-25,Full Series
19007,Appanoose,IA,0.83333333,0.83333333,2024-25,Full Series
19009,Audubon,IA,0.83116883,0.83116883,2024-25,Full Series
19011,Benton,IA,0.90974729,0.90974729,2024-25,Full Series
19013,Black Hawk,IA,0.90699166,0.90699166,2024-25,Full Series
19015,Boone,IA,0.93877551,0.93877551,2024-25,Full Series
19017,Bremer,IA,0.88202247,0.88202247,2024-25,Full Series
19019,Buchanan,IA,0.82592593,0.82592593,2024-25,Full Series
19021,Buena Vista,IA,0.80758017,0.80758017,2024-25,Full Series
19023,Butler,IA,0.92771084,0.92771084,2024-25,Full Series
19025,Calhoun,IA,0.84883721,0.84883721,2024-25,Full Series
19027,Carroll,IA,0.90136054,0.90136054,2024-25,Full Series
19029,Cass,IA,0.85648148,0.85648148,2024-25,Full Series
19031,Cedar,IA,0.92964824,0.92964824,2024-25,Full Series
19033,Cerro Gordo,IA,0.9168357,0.9168357,2024-25,Full Series
19035,Cherokee,IA,0.859375,0.859375,2024-25,Full Series
19037,Chickasaw,IA,0.91176471,0.91176471,2024-25,Full Series
19039,Clarke,IA,0.92741935,0.92741935,2024-25,Full Series
19041,Clay,IA,0.875,0.875,2024-25,Full Series
19043,Clayton,IA,0.81451613,0.81451613,2024-25,Full Series
19045,Clinton,IA,0.85464098,0.85464098,2024-25,Full Series
19047,Crawford,IA,0.94468085,0.94468085,2024-25,Full Series
19049,Dallas,IA,0.93498049,0.93498049,2024-25,Full Series
19051,Davis,IA,0.89830508,0.89830508,2024-25,Full Series
19053,Decatur,IA,0.84615385,0.84615385,2024-25,Full Series
19055,Delaware,IA,0.88372093,0.88372093,2024-25,Full Series
19057,Des Moines,IA,0.87437186,0.87437186,2024-25,Full Series
19059,Dickinson,IA,0.84615385,0.84615385,2024-25,Full Series
19061,Dubuque,IA,0.9237013,0.9237013,2024-25,Full Series
19063,Emmet,IA,0.86585366,0.86585366,2024-25,Full Series
19065,Fayette,IA,0.81871345,0.81871345,2024-25,Full Series
19067,Floyd,IA,0.85882353,0.85882353,2024-25,Full Series
19069,Franklin,IA,0.94897959,0.94897959,2024-25,Full Series
19071,Fremont,IA,0.8,0.8,2024-25,Full Series
19073,Greene,IA,0.83,0.83,2024-25,Full Series
19075,Grundy,IA,0.95348837,0.95348837,2024-25,Full Series
19077,Guthrie,IA,0.8375,0.8375,2024-25,Full Series
19079,Hamilton,IA,0.85514019,0.85514019,2024-25,Full Series
19081,Hancock,IA,0.92125984,0.92125984,2024-25,Full Series
19083,Hardin,IA,0.87214612,0.87214612,2024-25,Full Series
19085,Harrison,IA,0.74834437,0.74834437,2024-25,Full Series
19087,Henry,IA,0.90865385,0.90865385,2024-25,Full Series
19089,Howard,IA,0.90853659,0.90853659,2024-25,Full Series
19091,Humboldt,IA,0.72093023,0.72093023,2024-25,Full Series
19093,Ida,IA,0.88405797,0.88405797,2024-25,Full Series
19095,Iowa,IA,0.91573034,0.91573034,2024-25,Full Series
19097,Jackson,IA,0.87804878,0.87804878,2024-25,Full Series
19099,Jasper,IA,0.90196078,0.90196078,2024-25,Full Series
19101,Jefferson,IA,0.86486486,0.86486486,2024-25,Full Series
19103,Johnson,IA,0.87209302,0.87209302,2024-25,Full Series
19105,Jones,IA,0.94387755,0.94387755,2024-25,Full Series
19107,Keokuk,IA,0.76119403,0.76119403,2024-25,Full Series
19109,Kossuth,IA,0.88068182,0.88068182,2024-25,Full Series
19111,Lee,IA,0.90555556,0.90555556,2024-25,Full Series
19113,Linn,IA,0.90505195,0.90505195,2024-25,Full Series
19115,Louisa,IA,0.93103448,0.93103448,2024-25,Full Series
19117,Lucas,IA,0.85555556,0.85555556,2024-25,Full Series
19119,Lyon,IA,0.9068323,0.9068323,2024-25,Full Series
19121,Madison,IA,0.88780488,0.88780488,2024-25,Full Series
19123,Mahaska,IA,0.92094862,0.92094862,2024-25,Full Series
19125,Marion,IA,0.86976744,0.86976744,2024-25,Full Series
19127,Marshall,IA,0.89738431,0.89738431,2024-25,Full Series
19129,Mills,IA,0.88023952,0.88023952,2024-25,Full Series
19131,Mitchell,IA,0.88888889,0.88888889,2024-25,Full Series
19133,Monona,IA,0.84946237,0.84946237,2024-25,Full Series
19135,Monroe,IA,0.87209302,0.87209302,2024-25,Full Series
19137,Montgomery,IA,0.94047619,0.94047619,2024-25,Full Series
19139,Muscatine,IA,0.89800443,0.89800443,2024-25,Full Series
19141,O'Brien,IA,0.87443946,0.87443946,2024-25,Full Series
19143,Osceola,IA,0.98,0.98,2024-25,Full Series
19145,Page,IA,0.94610778,0.94610778,2024-25,Full Series
19147,Palo Alto,IA,0.94444444,0.94444444,2024-25,Full Series
19149,Plymouth,IA,0.88178914,0.88178914,2024-25,Full Series
19151,Pocahontas,IA,0.8358209,0.8358209,2024-25,Full Series
19153,Polk,IA,0.88672253,0.88672253,2024-25,Full Series
19155,Pottawattamie,IA,0.86940639,0.86940639,2024-25,Full Series
19157,Poweshiek,IA,0.87700535,0.87700535,2024-25,Full Series
19159,Ringgold,IA,0.98275862,0.98275862,2024-25,Full Series
19161,Sac,IA,0.93457944,0.93457944,2024-25,Full Series
19163,Scott,IA,0.88769004,0.88769004,2024-25,Full Series
19165,Shelby,IA,0.86075949,0.86075949,2024-25,Full Series
19167,Sioux,IA,0.82097649,0.82097649,2024-25,Full Series
19169,Story,IA,0.89221557,0.89221557,2024-25,Full Series
19171,Tama,IA,0.98170732,0.98170732,2024-25,Full Series
19173,Taylor,IA,0.81707317,0.81707317,2024-25,Full Series
19175,Union,IA,0.96062992,0.96062992,2024-25,Full Series
19177,Van Buren,IA,0.90163934,0.90163934,2024-25,Full Series
19179,Wapello,IA,0.85044643,0.85044643,2024-25,Full Series
19181,Warren,IA,0.86950732,0.86950732,2024-25,Full Series
19183,Washington,IA,0.7993311,0.7993311,2024-25,Full Series
19185,Wayne,IA,0.83823529,0.83823529,2024-25,Full Series
19187,Webster,IA,0.85494505,0.85494505,2024-25,Full Series
19189,Winnebago,IA,0.88622754,0.88622754,2024-25,Full Series
19191,Winneshiek,IA,0.91949153,0.91949153,2024-25,Full Series
19193,Woodbury,IA,0.90069444,0.90069444,2024-25,Full Series
19195,Worth,IA,0.86666667,0.86666667,2024-25,Full Series
19197,Wright,IA,0.94117647,0.94117647,2024-25,Full Series
16001,Ada,ID,0.83,0.83,2024-25,2 MMR
16003,Adams,ID,0.6,0.6,2024-25,2 MMR
16005,Bannock,ID,0.9,0.9,2024-25,2 MMR
16007,Bear Lake,ID,0.86,0.86,2024-25,2 MMR
16009,Benewah,ID,0.7,0.7,2024-25,2 MMR
16011,Bingham,ID,0.82,0.82,2024-25,2 MMR
16013,Blaine,ID,0.73,0.73,2024-25,2 MMR
16015,Boise,ID,0.45,0.45,2024-25,2 MMR
16017,Bonner,ID,0.64,0.64,2024-25,2 MMR
16019,Bonneville,ID,0.88,0.88,2024-25,2 MMR
16021,Boundary,ID,0.68,0.68,2024-25,2 MMR
16023,Butte,ID,0.75,0.75,2024-25,2 MMR
16025,Camas,ID,0.4,0.4,2024-25,2 MMR
16027,Canyon,ID,0.79,0.79,2024-25,2 MMR
16029,Caribou,ID,0.83,0.83,2024-25,2 MMR
16031,Cassia,ID,0.82,0.82,2024-25,2 MMR
16033,Clark,ID,0.5,0.5,2024-25,2 MMR
16035,Clearwater,ID,0.77,0.77,2024-25,2 MMR
16037,Custer,ID,0.66,0.66,2024-25,2 MMR
16039,Elmore,ID,0.86,0.86,2024-25,2 MMR
16041,Franklin,ID,0.84,0.84,2024-25,2 MMR
16043,Fremont,ID,0.8,0.8,2024-25,2 MMR
16045,Gem,ID,0.71,0.71,2024-25,2 MMR
16047,Gooding,ID,0.72,0.72,2024-25,2 MMR
16049,Idaho,ID,0.54,0.54,2024-25,2 MMR
16051,Jefferson,ID,0.85,0.85,2024-25,2 MMR
16053,Jerome,ID,0.89,0.89,2024-25,2 MMR
16055,Kootenai,ID,0.7,0.7,2024-25,2 MMR
16057,Latah,ID,0.78,0.78,2024-25,2 MMR
16059,Lemhi,ID,0.76,0.76,2024-25,2 MMR
16061,Lewis,ID,0.78,0.78,2024-25,2 MMR
16063,Lincoln,ID,0.88,0.88,2024-25,2 MMR
16065,Madison,ID,0.84,0.84,2024-25,2 MMR
16067,Minidoka,ID,0.92,0.92,2024-25,2 MMR
16069,Nez Perce,ID,0.86,0.86,2024-25,2 MMR
16071,Oneida,ID,0.85,0.85,2024-25,2 MMR
16073,Owyhee,ID,0.8,0.8,2024-25,2 MMR
16075,Payette,ID,0.85,0.85,2024-25,2 MMR
16077,Power,ID,0.86,0.86,2024-25,2 MMR
16079,Shoshone,ID,0.7,0.7,2024-25,2 MMR
16081,Teton,ID,0.67,0.67,2024-25,2 MMR
16083,Twin Falls,ID,0.82,0.82,2024-25,2 MMR
16085,Valley,ID,0.8,0.8,2024-25,2 MMR
16087,Washington,ID,0.79,0.79,2024-25,2 MMR
17001,Adams,IL,0.985,0.985,2024-25,2 MMR eqv.
17003,Alexander,IL,0.933,0.933,2024-25,2 MMR eqv.
17005,Bond,IL,0.985,0.985,2024-25,2 MMR eqv.
17007,Boone,IL,0.969,0.969,2024-25,2 MMR eqv.
17009,Brown,IL,0.977,0.977,2024-25,2 MMR eqv.
17011,Bureau,IL,0.955,0.955,2024-25,2 MMR eqv.
17013,Calhoun,IL,0.982,0.982,2024-25,2 MMR eqv.
17015,Carroll,IL,0.961,0.961,2024-25,2 MMR eqv.
17017,Cass,IL,0.979,0.979,2024-25,2 MMR eqv.
17019,Champaign,IL,0.96,0.96,2024-25,2 MMR eqv.
17021,Christian,IL,0.947,0.947,2024-25,2 MMR eqv.
17023,Clark,IL,0.986,0.986,2024-25,2 MMR eqv.
17025,Clay,IL,0.979,0.979,2024-25,2 MMR eqv.
17027,Clinton,IL,0.977,0.977,2024-25,2 MMR eqv.
17029,Coles,IL,0.957,0.957,2024-25,2 MMR eqv.
17031,Cook,IL,0.948,0.948,2024-25,2 MMR eqv.
17033,Crawford,IL,0.976,0.976,2024-25,2 MMR eqv.
17035,Cumberland,IL,0.975,0.975,2024-25,2 MMR eqv.
17037,DeKalb,IL,0.968,0.968,2024-25,2 MMR eqv.
17039,De Witt,IL,0.978,0.978,2024-25,2 MMR eqv.
17041,Douglas,IL,0.979,0.979,2024-25,2 MMR eqv.
17043,DuPage,IL,0.959,0.959,2024-25,2 MMR eqv.
17045,Edgar,IL,0.982,0.982,2024-25,2 MMR eqv.
17047,Edwards,IL,0.982,0.982,2024-25,2 MMR eqv.
17049,Effingham,IL,0.965,0.965,2024-25,2 MMR eqv.
17051,Fayette,IL,0.961,0.961,2024-25,2 MMR eqv.
17053,Ford,IL,0.968,0.968,2024-25,2 MMR eqv.
17055,Franklin,IL,0.967,0.967,2024-25,2 MMR eqv.
17057,Fulton,IL,0.975,0.975,2024-25,2 MMR eqv.
17059,Gallatin,IL,0.979,0.979,2024-25,2 MMR eqv.
17061,Greene,IL,0.986,0.986,2024-25,2 MMR eqv.
17063,Grundy,IL,0.924,0.924,2024-25,2 MMR eqv.
17065,Hamilton,IL,0.989,0.989,2024-25,2 MMR eqv.
17067,Hancock,IL,0.982,0.982,2024-25,2 MMR eqv.
17069,Hardin,IL,1,1,2024-25,2 MMR eqv.
17071,Henderson,IL,0.966,0.966,2024-25,2 MMR eqv.
17073,Henry,IL,0.972,0.972,2024-25,2 MMR eqv.
17075,Iroquois,IL,0.971,0.971,2024-25,2 MMR eqv.
17077,Jackson,IL,0.967,0.967,2024-25,2 MMR eqv.
17079,Jasper,IL,0.967,0.967,2024-25,2 MMR eqv.
17081,Jefferson,IL,0.972,0.972,2024-25,2 MMR eqv.
17083,Jersey,IL,0.983,0.983,2024-25,2 MMR eqv.
17085,Jo Daviess,IL,0.962,0.962,2024-25,2 MMR eqv.
17087,Johnson,IL,0.978,0.978,2024-25,2 MMR eqv.
17089,Kane,IL,0.956,0.956,2024-25,2 MMR eqv.
17091,Kankakee,IL,0.947,0.947,2024-25,2 MMR eqv.
17093,Kendall,IL,0.963,0.963,2024-25,2 MMR eqv.
17095,Knox,IL,0.945,0.945,2024-25,2 MMR eqv.
17097,Lake,IL,0.955,0.955,2024-25,2 MMR eqv.
17099,LaSalle,IL,0.97,0.97,2024-25,2 MMR eqv.
17101,Lawrence,IL,0.989,0.989,2024-25,2 MMR eqv.
17103,Lee,IL,0.967,0.967,2024-25,2 MMR eqv.
17105,Livingston,IL,0.963,0.963,2024-25,2 MMR eqv.
17107,Logan,IL,0.946,0.946,2024-25,2 MMR eqv.
17109,McDonough,IL,0.956,0.956,2024-25,2 MMR eqv.
17111,McHenry,IL,0.957,0.957,2024-25,2 MMR eqv.
17113,McLean,IL,0.971,0.971,2024-25,2 MMR eqv.
17115,Macon,IL,0.97,0.97,2024-25,2 MMR eqv.
17117,Macoupin,IL,0.979,0.979,2024-25,2 MMR eqv.
17119,Madison,IL,0.974,0.974,2024-25,2 MMR eqv.
17121,Marion,IL,0.974,0.974,2024-25,2 MMR eqv.
17123,Marshall,IL,0.984,0.984,2024-25,2 MMR eqv.
17125,Mason,IL,0.968,0.968,2024-25,2 MMR eqv.
17127,Massac,IL,0.889,0.889,2024-25,2 MMR eqv.
17129,Menard,IL,0.954,0.954,2024-25,2 MMR eqv.
17131,Mercer,IL,0.971,0.971,2024-25,2 MMR eqv.
17133,Monroe,IL,0.984,0.984,2024-25,2 MMR eqv.
17135,Montgomery,IL,0.975,0.975,2024-25,2 MMR eqv.
17137,Morgan,IL,0.978,0.978,2024-25,2 MMR eqv.
17139,Moultrie,IL,0.956,0.956,2024-25,2 MMR eqv.
17141,Ogle,IL,0.952,0.952,2024-25,2 MMR eqv.
17143,Peoria,IL,0.966,0.966,2024-25,2 MMR eqv.
17145,Perry,IL,0.989,0.989,2024-25,2 MMR eqv.
17147,Piatt,IL,0.983,0.983,2024-25,2 MMR eqv.
17149,Pike,IL,0.924,0.924,2024-25,2 MMR eqv.
17151,Pope,IL,0.864,0.864,2024-25,2 MMR eqv.
17153,Pulaski,IL,0.854,0.854,2024-25,2 MMR eqv.
17155,Putnam,IL,0.973,0.973,2024-25,2 MMR eqv.
17157,Randolph,IL,0.968,0.968,2024-25,2 MMR eqv.
17159,Richland,IL,0.988,0.988,2024-25,2 MMR eqv.
17161,Rock Island,IL,0.968,0.968,2024-25,2 MMR eqv.
17163,St Clair,IL,0.98,0.98,2024-25,2 MMR eqv.
17165,Saline,IL,0.97,0.97,2024-25,2 MMR eqv.
17167,Sangamon,IL,0.978,0.978,2024-25,2 MMR eqv.
17169,Schuyler,IL,0.987,0.987,2024-25,2 MMR eqv.
17171,Scott,IL,0.977,0.977,2024-25,2 MMR eqv.
17173,Shelby,IL,0.963,0.963,2024-25,2 MMR eqv.
17175,Stark,IL,0.981,0.981,2024-25,2 MMR eqv.
17177,Stephenson,IL,0.963,0.963,2024-25,2 MMR eqv.
17179,Tazewell,IL,0.947,0.947,2024-25,2 MMR eqv.
17181,Union,IL,0.97,0.97,2024-25,2 MMR eqv.
17183,Vermilion,IL,0.957,0.957,2024-25,2 MMR eqv.
17185,Wabash,IL,0.985,0.985,2024-25,2 MMR eqv.
17187,Warren,IL,0.979,0.979,2024-25,2 MMR eqv.
17189,Washington,IL,0.989,0.989,2024-25,2 MMR eqv.
17191,Wayne,IL,0.981,0.981,2024-25,2 MMR eqv.
17193,White,IL,0.988,0.988,2024-25,2 MMR eqv.
17195,Whiteside,IL,0.966,0.966,2024-25,2 MMR eqv.
17197,Will,IL,0.963,0.963,2024-25,2 MMR eqv.
17199,Williamson,IL,0.973,0.973,2024-25,2 MMR eqv.
17201,Winnebago,IL,0.955,0.955,2024-25,2 MMR eqv.
17203,Woodford,IL,0.955,0.955,2024-25,2 MMR eqv.
18001,Adams,IN,0.9156,0.9156,2024-25,2 MMR
18003,Allen,IN,0.8966,0.8966,2024-25,2 MMR
18005,Bartholomew,IN,0.9109,0.9109,2024-25,2 MMR
18007,Benton,IN,0.9906,0.9906,2024-25,2 MMR
18009,Blackford,IN,0.93,0.93,2024-25,2 MMR
18011,Boone,IN,0.9622,0.9622,2024-25,2 MMR
18013,Brown,IN,0.913,0.913,2024-25,2 MMR
18015,Carroll,IN,0.9225,0.9225,2024-25,2 MMR
18017,Cass,IN,0.9486,0.9486,2024-25,2 MMR
18019,Clark,IN,0.8931,0.8931,2024-25,2 MMR
18021,Clay,IN,0.9317,0.9317,2024-25,2 MMR
18023,Clinton,IN,0.9247,0.9247,2024-25,2 MMR
18025,Crawford,IN,0.9524,0.9524,2024-25,2 MMR
18027,Daviess,IN,0.9103,0.9103,2024-25,2 MMR
18029,Dearborn,IN,0.9232,0.9232,2024-25,2 MMR
18031,Decatur,IN,0.9247,0.9247,2024-25,2 MMR
18033,DeKalb,IN,0.9181,0.9181,2024-25,2 MMR
18035,Delaware,IN,0.907,0.907,2024-25,2 MMR
18037,Dubois,IN,0.9423,0.9423,2024-25,2 MMR
18039,Elkhart,IN,0.8985,0.8985,2024-25,2 MMR
18041,Fayette,IN,0.9605,0.9605,2024-25,2 MMR
18043,Floyd,IN,0.9267,0.9267,2024-25,2 MMR
18045,Fountain,IN,0.8793,0.8793,2024-25,2 MMR
18047,Franklin,IN,0.8062,0.8062,2024-25,2 MMR
18049,Fulton,IN,0.9401,0.9401,2024-25,2 MMR
18051,Gibson,IN,0.9446,0.9446,2024-25,2 MMR
18053,Grant,IN,0.9022,0.9022,2024-25,2 MMR
18055,Greene,IN,0.9538,0.9538,2024-25,2 MMR
18057,Hamilton,IN,0.9437,0.9437,2024-25,2 MMR
18059,Hancock,IN,0.9358,0.9358,2024-25,2 MMR
18061,Harrison,IN,0.8588,0.8588,2024-25,2 MMR
18063,Hendricks,IN,0.916,0.916,2024-25,2 MMR
18065,Henry,IN,0.885,0.885,2024-25,2 MMR
18067,Howard,IN,0.8882,0.8882,2024-25,2 MMR
18069,Huntington,IN,0.9454,0.9454,2024-25,2 MMR
18071,Jackson,IN,0.9877,0.9877,2024-25,2 MMR
18073,Jasper,IN,0.8437,0.8437,2024-25,2 MMR
18075,Jay,IN,0.8964,0.8964,2024-25,2 MMR
18077,Jefferson,IN,0.8738,0.8738,2024-25,2 MMR
18079,Jennings,IN,0.9146,0.9146,2024-25,2 MMR
18081,Johnson,IN,0.9409,0.9409,2024-25,2 MMR
18083,Knox,IN,0.9632,0.9632,2024-25,2 MMR
18085,Kosciusko,IN,0.8777,0.8777,2024-25,2 MMR
18087,LaGrange,IN,0.7686,0.7686,2024-25,2 MMR
18089,Lake,IN,0.8605,0.8605,2024-25,2 MMR
18091,La Porte,IN,0.8926,0.8926,2024-25,2 MMR
18093,Lawrence,IN,0.9104,0.9104,2024-25,2 MMR
18095,Madison,IN,0.922,0.922,2024-25,2 MMR
18097,Marion,IN,0.8923,0.8923,2024-25,2 MMR
18099,Marshall,IN,0.8797,0.8797,2024-25,2 MMR
18101,Martin,IN,0.8681,0.8681,2024-25,2 MMR
18103,Miami,IN,0.8327,0.8327,2024-25,2 MMR
18105,Monroe,IN,0.9212,0.9212,2024-25,2 MMR
18107,Montgomery,IN,0.925,0.925,2024-25,2 MMR
18109,Morgan,IN,0.8789,0.8789,2024-25,2 MMR
18111,Newton,IN,0.9247,0.9247,2024-25,2 MMR
18113,Noble,IN,0.9147,0.9147,2024-25,2 MMR
18115,Ohio,IN,0.8529,0.8529,2024-25,2 MMR
18117,Orange,IN,0.9135,0.9135,2024-25,2 MMR
18119,Owen,IN,0.9613,0.9613,2024-25,2 MMR
18121,Parke,IN,0.9713,0.9713,2024-25,2 MMR
18123,Perry,IN,0.9327,0.9327,2024-25,2 MMR
18125,Pike,IN,0.9624,0.9624,2024-25,2 MMR
18127,Porter,IN,0.9055,0.9055,2024-25,2 MMR
18129,Posey,IN,0.8851,0.8851,2024-25,2 MMR
18131,Pulaski,IN,0.8889,0.8889,2024-25,2 MMR
18133,Putnam,IN,0.9098,0.9098,2024-25,2 MMR
18135,Randolph,IN,0.8746,0.8746,2024-25,2 MMR
18137,Ripley,IN,0.9076,0.9076,2024-25,2 MMR
18139,Rush,IN,0.9344,0.9344,2024-25,2 MMR
18141,St Joseph,IN,0.9367,0.9367,2024-25,2 MMR
18143,Scott,IN,0.8479,0.8479,2024-25,2 MMR
18145,Shelby,IN,0.9725,0.9725,2024-25,2 MMR
18147,Spencer,IN,0.9074,0.9074,2024-25,2 MMR
18149,Starke,IN,0.827,0.827,2024-25,2 MMR
18151,Steuben,IN,0.8816,0.8816,2024-25,2 MMR
18153,Sullivan,IN,0.8446,0.8446,2024-25,2 MMR
18155,Switzerland,IN,0.9554,0.9554,2024-25,2 MMR
18157,Tippecanoe,IN,0.952,0.952,2024-25,2 MMR
18159,Tipton,IN,0.8768,0.8768,2024-25,2 MMR
18161,Union,IN,0.9802,0.9802,2024-25,2 MMR
18163,Vanderburgh,IN,0.9377,0.9377,2024-25,2 MMR
18165,Vermillion,IN,0.9739,0.9739,2024-25,2 MMR
18167,Vigo,IN,0.9713,0.9713,2024-25,2 MMR
18169,Wabash,IN,0.8921,0.8921,2024-25,2 MMR
18171,Warren,IN,0.9367,0.9367,2024-25,2 MMR
18173,Warrick,IN,0.9477,0.9477,2024-25,2 MMR
18175,Washington,IN,0.9234,0.9234,2024-25,2 MMR
18177,Wayne,IN,0.8952,0.8952,2024-25,2 MMR
18179,Wells,IN,0.8895,0.8895,2024-25,2 MMR
18181,White,IN,0.9655,0.9655,2024-25,2 MMR
18183,Whitley,IN,0.9045,0.9045,2024-25,2 MMR
20001,Allen,KS,0.8688,0.8688,2024-25,2 MMR
20003,Anderson,KS,0.7222,0.7222,2024-25,2 MMR
20005,Atchison,KS,0.9991,0.9991,2024-25,2 MMR
20007,Barber,KS,0.7668,0.7668,2024-25,2 MMR
20009,Barton,KS,0.9415,0.9415,2024-25,2 MMR
20011,Bourbon,KS,0.9463,0.9463,2024-25,2 MMR
20013,Brown,KS,0.9828,0.9828,2024-25,2 MMR
20015,Butler,KS,0.8959,0.8959,2024-25,2 MMR
20017,Chase,KS,0.9132,0.9132,2024-25,2 MMR
20019,Chautauqua,KS,0.6935,0.6935,2024-25,2 MMR
20021,Cherokee,KS,0.9589,0.9589,2024-25,2 MMR
20023,Cheyenne,KS,0.8193,0.8193,2024-25,2 MMR
20025,Clark,KS,0.6696,0.6696,2024-25,2 MMR
20027,Clay,KS,0.9543,0.9543,2024-25,2 MMR
20029,Cloud,KS,0.9373,0.9373,2024-25,2 MMR
20031,Coffey,KS,0.9204,0.9204,2024-25,2 MMR
20033,Comanche,KS,0.9444,0.9444,2024-25,2 MMR
20035,Cowley,KS,0.9597,0.9597,2024-25,2 MMR
20037,Crawford,KS,0.9328,0.9328,2024-25,2 MMR
20039,Decatur,KS,0.6002,0.6002,2024-25,2 MMR
20041,Dickinson,KS,0.8912,0.8912,2024-25,2 MMR
20043,Doniphan,KS,0.939,0.939,2024-25,2 MMR
20045,Douglas,KS,0.9262,0.9262,2024-25,2 MMR
20047,Edwards,KS,0.8794,0.8794,2024-25,2 MMR
20049,Elk,KS,0.8661,0.8661,2024-25,2 MMR
20051,Ellis,KS,0.9228,0.9228,2024-25,2 MMR
20053,Ellsworth,KS,0.9391,0.9391,2024-25,2 MMR
20055,Finney,KS,0.9851,0.9851,2024-25,2 MMR
20057,Ford,KS,0.842,0.842,2024-25,2 MMR
20059,Franklin,KS,0.9019,0.9019,2024-25,2 MMR
20061,Geary,KS,0.6656,0.6656,2024-25,2 MMR
20063,Gove,KS,0.8037,0.8037,2024-25,2 MMR
20065,Graham,KS,0.9788,0.9788,2024-25,2 MMR
20067,Grant,KS,0.9278,0.9278,2024-25,2 MMR
20069,Gray,KS,0.9039,0.9039,2024-25,2 MMR
20071,Greeley,KS,0.8947,0.8947,2024-25,2 MMR
20073,Greenwood,KS,0.9092,0.9092,2024-25,2 MMR
20075,Hamilton,KS,0.9286,0.9286,2024-25,2 MMR
20077,Harper,KS,0.7782,0.7782,2024-25,2 MMR
20079,Harvey,KS,0.9214,0.9214,2024-25,2 MMR
20081,Haskell,KS,0.7821,0.7821,2024-25,2 MMR
20083,Hodgeman,KS,0.9,0.9,2024-25,2 MMR
20085,Jackson,KS,0.843,0.843,2024-25,2 MMR
20087,Jefferson,KS,0.9465,0.9465,2024-25,2 MMR
20089,Jewell,KS,0.7942,0.7942,2024-25,2 MMR
20091,Johnson,KS,0.9515,0.9515,2024-25,2 MMR
20093,Kearny,KS,0.9333,0.9333,2024-25,2 MMR
20095,Kingman,KS,0.5769,0.5769,2024-25,2 MMR
20097,Kiowa,KS,0.6,0.6,2024-25,2 MMR
20099,Labette,KS,0.9336,0.9336,2024-25,2 MMR
20101,Lane,KS,1,1,2024-25,2 MMR
20103,Leavenworth,KS,0.9627,0.9627,2024-25,2 MMR
20105,Lincoln,KS,0.7057,0.7057,2024-25,2 MMR
20107,Linn,KS,0.8659,0.8659,2024-25,2 MMR
20109,Logan,KS,0.8257,0.8257,2024-25,2 MMR
20111,Lyon,KS,0.9128,0.9128,2024-25,2 MMR
20113,McPherson,KS,0.8899,0.8899,2024-25,2 MMR
20115,Marion,KS,0.8283,0.8283,2024-25,2 MMR
20117,Marshall,KS,0.8843,0.8843,2024-25,2 MMR
20119,Meade,KS,0.8128,0.8128,2024-25,2 MMR
20121,Miami,KS,0.8672,0.8672,2024-25,2 MMR
20123,Mitchell,KS,0.8649,0.8649,2024-25,2 MMR
20125,Montgomery,KS,0.9522,0.9522,2024-25,2 MMR
20127,Morris,KS,0.8752,0.8752,2024-25,2 MMR
20129,Morton,KS,0.5667,0.5667,2024-25,2 MMR
20131,Nemaha,KS,0.948,0.948,2024-25,2 MMR
20133,Neosho,KS,0.8044,0.8044,2024-25,2 MMR
20135,Ness,KS,0.7356,0.7356,2024-25,2 MMR
20137,Norton,KS,0.8419,0.8419,2024-25,2 MMR
20139,Osage,KS,0.7842,0.7842,2024-25,2 MMR
20141,Osborne,KS,0.695,0.695,2024-25,2 MMR
20143,Ottawa,KS,0.9183,0.9183,2024-25,2 MMR
20145,Pawnee,KS,0.7693,0.7693,2024-25,2 MMR
20147,Phillips,KS,0.8244,0.8244,2024-25,2 MMR
20149,Pottawatomie,KS,0.8904,0.8904,2024-25,2 MMR
20151,Pratt,KS,0.8915,0.8915,2024-25,2 MMR
20153,Rawlins,KS,0.6733,0.6733,2024-25,2 MMR
20155,Reno,KS,0.916,0.916,2024-25,2 MMR
20157,Republic,KS,0.8242,0.8242,2024-25,2 MMR
20159,Rice,KS,0.8749,0.8749,2024-25,2 MMR
20161,Riley,KS,0.853,0.853,2024-25,2 MMR
20163,Rooks,KS,1,1,2024-25,2 MMR
20165,Rush,KS,0.9556,0.9556,2024-25,2 MMR
20167,Russell,KS,0.9249,0.9249,2024-25,2 MMR
20169,Saline,KS,0.942,0.942,2024-25,2 MMR
20171,Scott,KS,1,1,2024-25,2 MMR
20173,Sedgwick,KS,0.9253,0.9253,2024-25,2 MMR
20175,Seward,KS,0.9739,0.9739,2024-25,2 MMR
20177,Shawnee,KS,0.9497,0.9497,2024-25,2 MMR
20179,Sheridan,KS,0.8597,0.8597,2024-25,2 MMR
20181,Sherman,KS,0.9265,0.9265,2024-25,2 MMR
20183,Smith,KS,0.8289,0.8289,2024-25,2 MMR
20185,Stafford,KS,0.8889,0.8889,2024-25,2 MMR
20187,Stanton,KS,0.7895,0.7895,2024-25,2 MMR
20189,Stevens,KS,0.8665,0.8665,2024-25,2 MMR
20191,Sumner,KS,0.9322,0.9322,2024-25,2 MMR
20193,Thomas,KS,0.8324,0.8324,2024-25,2 MMR
20195,Trego,KS,0.9802,0.9802,2024-25,2 MMR
20197,Wabaunsee,KS,0.7585,0.7585,2024-25,2 MMR
20199,Wallace,KS,0.7856,0.7856,2024-25,2 MMR
20201,Washington,KS,0.9708,0.9708,2024-25,2 MMR
20203,Wichita,KS,1,1,2024-25,2 MMR
20205,Wilson,KS,0.9221,0.9221,2024-25,2 MMR
20207,Woodson,KS,0.9571,0.9571,2024-25,2 MMR
20209,Wyandotte,KS,0.8286,0.8286,2024-25,2 MMR
21001,Adair,KY,0.929,0.929,2024-25,2 MMR
21003,Allen,KY,0.963,0.963,2024-25,2 MMR
21005,Anderson,KY,0.852,0.852,2024-25,2 MMR
21007,Ballard,KY,0.901,0.901,2024-25,2 MMR
21009,Barren,KY,0.932,0.932,2024-25,2 MMR
21011,Bath,KY,0.858,0.858,2024-25,2 MMR
21013,Bell,KY,0.868,0.868,2024-25,2 MMR
21015,Boone,KY,0.928,0.928,2024-25,2 MMR
21017,Bourbon,KY,0.90295359,0.90295359,2024-25,2 MMR
21019,Boyd,KY,0.917,0.917,2024-25,2 MMR
21021,Boyle,KY,0.931,0.931,2024-25,2 MMR
21023,Bracken,KY,0.856,0.856,2024-25,2 MMR
21025,Breathitt,KY,0.943,0.943,2024-25,2 MMR
21027,Breckinridge,KY,0.89237668,0.89237668,2024-25,2 MMR
21029,Bullitt,KY,0.91991992,0.91991992,2024-25,2 MMR
21031,Butler,KY,0.902,0.902,2024-25,2 MMR
21033,Caldwell,KY,0.928,0.928,2024-25,2 MMR
21035,Calloway,KY,0.961,0.961,2024-25,2 MMR
21037,Campbell,KY,0.961,0.961,2024-25,2 MMR
21039,Carlisle,KY,0.865,0.865,2024-25,2 MMR
21041,Carroll,KY,0.964,0.964,2024-25,2 MMR
21043,Carter,KY,0.912,0.912,2024-25,2 MMR
21045,Casey,KY,0.901,0.901,2024-25,2 MMR
21047,Christian,KY,0.925,0.925,2024-25,2 MMR
21049,Clark,KY,0.982,0.982,2024-25,2 MMR
21051,Clay,KY,0.904,0.904,2024-25,2 MMR
21053,Clinton,KY,0.89,0.89,2024-25,2 MMR
21055,Crittenden,KY,0.929,0.929,2024-25,2 MMR
21057,Cumberland,KY,0.865,0.865,2024-25,2 MMR
21059,Daviess,KY,0.902,0.902,2024-25,2 MMR
21061,Edmonson,KY,0.944,0.944,2024-25,2 MMR
21063,Elliott,KY,0.929,0.929,2024-25,2 MMR
21065,Estill,KY,0.951,0.951,2024-25,2 MMR
21067,Fayette,KY,0.935,0.935,2024-25,2 MMR
21069,Fleming,KY,0.902,0.902,2024-25,2 MMR
21071,Floyd,KY,0.947,0.947,2024-25,2 MMR
21073,Franklin,KY,0.944,0.944,2024-25,2 MMR
21075,Fulton,KY,0.984,0.984,2024-25,2 MMR
21077,Gallatin,KY,0.945,0.945,2024-25,2 MMR
21079,Garrard,KY,0.852,0.852,2024-25,2 MMR
21081,Grant,KY,0.956,0.956,2024-25,2 MMR
21083,Graves,KY,0.914,0.914,2024-25,2 MMR
21085,Grayson,KY,0.968,0.968,2024-25,2 MMR
21087,Green,KY,0.962,0.962,2024-25,2 MMR
21089,Greenup,KY,0.93663912,0.93663912,2024-25,2 MMR
21091,Hancock,KY,0.905,0.905,2024-25,2 MMR
21093,Hardin,KY,0.805,0.805,2024-25,2 MMR
21095,Harlan,KY,0.81896552,0.81896552,2024-25,2 MMR
21097,Harrison,KY,0.917,0.917,2024-25,2 MMR
21099,Hart,KY,0.863,0.863,2024-25,2 MMR
21101,Henderson,KY,0.923,0.923,2024-25,2 MMR
21103,Henry,KY,0.955,0.955,2024-25,2 MMR
21105,Hickman,KY,0.933,0.933,2024-25,2 MMR
21107,Hopkins,KY,0.911,0.911,2024-25,2 MMR
21109,Jackson,KY,0.97887324,0.97887324,2024-25,2 MMR
21111,Jefferson,KY,0.649,0.649,2024-25,2 MMR
21113,Jessamine,KY,0.879,0.879,2024-25,2 MMR
21115,Johnson,KY,0.875,0.875,2024-25,2 MMR
21117,Kenton,KY,0.95,0.95,2024-25,2 MMR
21119,Knott,KY,0.811,0.811,2024-25,2 MMR
21121,Knox,KY,0.892,0.892,2024-25,2 MMR
21123,Larue,KY,0.93,0.93,2024-25,2 MMR
21125,Laurel,KY,0.946,0.946,2024-25,2 MMR
21127,Lawrence,KY,0.848,0.848,2024-25,2 MMR
21129,Lee,KY,0.908,0.908,2024-25,2 MMR
21131,Leslie,KY,0.89622642,0.89622642,2024-25,2 MMR
21133,Letcher,KY,0.921,0.921,2024-25,2 MMR
21135,Lewis,KY,0.951,0.951,2024-25,2 MMR
21137,Lincoln,KY,0.91,0.91,2024-25,2 MMR
21139,Livingston,KY,0.924,0.924,2024-25,2 MMR
21141,Logan,KY,0.622,0.622,2024-25,2 MMR
21143,Lyon,KY,0.96,0.96,2024-25,2 MMR
21145,Mccracken,KY,0.898,0.898,2024-25,2 MMR
21147,McCreary,KY,0.957,0.957,2024-25,2 MMR
21149,Mclean,KY,0.96875,0.96875,2024-25,2 MMR
21151,Madison,KY,0.921,0.921,2024-25,2 MMR
21153,Magoffin,KY,0.891,0.891,2024-25,2 MMR
21155,Marion,KY,0.944,0.944,2024-25,2 MMR
21157,Marshall,KY,0.898,0.898,2024-25,2 MMR
21159,Martin,KY,0.931,0.931,2024-25,2 MMR
21161,Mason,KY,0.865,0.865,2024-25,2 MMR
21163,Meade,KY,0.946,0.946,2024-25,2 MMR
21165,Menifee,KY,,,2024-25,2 MMR
21167,Mercer,KY,0.935,0.935,2024-25,2 MMR
21169,Metcalfe,KY,0.99,0.99,2024-25,2 MMR
21171,Monroe,KY,0.852,0.852,2024-25,2 MMR
21173,Montgomery,KY,0.968,0.968,2024-25,2 MMR
21175,Morgan,KY,0.95,0.95,2024-25,2 MMR
21177,Muhlenberg,KY,0.917,0.917,2024-25,2 MMR
21179,Nelson,KY,0.952,0.952,2024-25,2 MMR
21181,Nicholas,KY,0.962,0.962,2024-25,2 MMR
21183,Ohio,KY,0.789,0.789,2024-25,2 MMR
21185,Oldham,KY,0.949,0.949,2024-25,2 MMR
21187,Owen,KY,0.992,0.992,2024-25,2 MMR
21189,Owsley,KY,0.869,0.869,2024-25,2 MMR
21191,Pendleton,KY,0.956,0.956,2024-25,2 MMR
21193,Perry,KY,0.776,0.776,2024-25,2 MMR
21195,Pike,KY,0.96,0.96,2024-25,2 MMR
21197,Powell,KY,0.933,0.933,2024-25,2 MMR
21199,Pulaski,KY,0.949,0.949,2024-25,2 MMR
21201,Robertson,KY,0.952,0.952,2024-25,2 MMR
21203,Rockcastle,KY,0.798,0.798,2024-25,2 MMR
21205,Rowan,KY,0.899,0.899,2024-25,2 MMR
21207,Russell,KY,0.96,0.96,2024-25,2 MMR
21209,Scott,KY,0.917,0.917,2024-25,2 MMR
21211,Shelby,KY,0.923,0.923,2024-25,2 MMR
21213,Simpson,KY,0.937,0.937,2024-25,2 MMR
21215,Spencer,KY,0.94017094,0.94017094,2024-25,2 MMR
21217,Taylor,KY,0.832,0.832,2024-25,2 MMR
21219,Todd,KY,0.9453125,0.9453125,2024-25,2 MMR
21221,Trigg,KY,0.888,0.888,2024-25,2 MMR
21223,Trimble,KY,0.956,0.956,2024-25,2 MMR
21225,Union,KY,0.815,0.815,2024-25,2 MMR
21227,Warren,KY,0.886,0.886,2024-25,2 MMR
21229,Washington,KY,0.993,0.993,2024-25,2 MMR
21231,Wayne,KY,0.967,0.967,2024-25,2 MMR
21233,Webster,KY,0.934,0.934,2024-25,2 MMR
21235,Whitley,KY,0.853,0.853,2024-25,2 MMR
21237,Wolfe,KY,0.929,0.929,2024-25,2 MMR
21239,Woodford,KY,0.925,0.925,2024-25,2 MMR
22001,Acadia,LA,0.8769,0.8769,2024-25,2 MMR
22003,Allen,LA,0.9346,0.9346,2024-25,2 MMR
22005,Ascension,LA,0.9552,0.9552,2024-25,2 MMR
22007,Assumption,LA,0.9602,0.9602,2024-25,2 MMR
22009,Avoyelles,LA,0.9515,0.9515,2024-25,2 MMR
22011,Beauregard,LA,0.8971,0.8971,2024-25,2 MMR
22013,Bienville,LA,0.9658,0.9658,2024-25,2 MMR
22015,Bossier,LA,0.9475,0.9475,2024-25,2 MMR
22017,Caddo,LA,0.9369,0.9369,2024-25,2 MMR
22019,Calcasieu,LA,0.9006,0.9006,2024-25,2 MMR
22021,Caldwell,LA,0.9184,0.9184,2024-25,2 MMR
22023,Cameron,LA,0.9036,0.9036,2024-25,2 MMR
22025,Catahoula,LA,0.9459,0.9459,2024-25,2 MMR
22027,Claiborne,LA,0.9044,0.9044,2024-25,2 MMR
22029,Concordia,LA,0.875,0.875,2024-25,2 MMR
22031,De Soto,LA,0.9169,0.9169,2024-25,2 MMR
22033,East Baton Rouge,LA,0.8827,0.8827,2024-25,2 MMR
22035,East Carroll,LA,,,2024-25,2 MMR
22037,East Feliciana,LA,0.93,0.93,2024-25,2 MMR
22039,Evangeline,LA,0.9275,0.9275,2024-25,2 MMR
22041,Franklin,LA,0.886,0.886,2024-25,2 MMR
22043,Grant,LA,0.9,0.9,2024-25,2 MMR
22045,Iberia,LA,0.9367,0.9367,2024-25,2 MMR
22047,Iberville,LA,0.9557,0.9557,2024-25,2 MMR
22049,Jackson,LA,0.9604,0.9604,2024-25,2 MMR
22051,Jefferson,LA,0.9614,0.9614,2024-25,2 MMR
22053,Jefferson Davis,LA,0.9211,0.9211,2024-25,2 MMR
22055,Lafayette,LA,0.8902,0.8902,2024-25,2 MMR
22057,Lafourche,LA,0.9205,0.9205,2024-25,2 MMR
22059,LaSalle,LA,0.9263,0.9263,2024-25,2 MMR
22061,Lincoln,LA,0.9378,0.9378,2024-25,2 MMR
22063,Livingston,LA,0.8987,0.8987,2024-25,2 MMR
22065,Madison,LA,0.8864,0.8864,2024-25,2 MMR
22067,Morehouse,LA,0.9859,0.9859,2024-25,2 MMR
22069,Natchitoches,LA,0.9606,0.9606,2024-25,2 MMR
22071,Orleans,LA,0.9161,0.9161,2024-25,2 MMR
22073,Ouachita,LA,0.8409,0.8409,2024-25,2 MMR
22075,Plaquemines,LA,0.943,0.943,2024-25,2 MMR
22077,Pointe Coupee,LA,0.98,0.98,2024-25,2 MMR
22079,Rapides,LA,0.9383,0.9383,2024-25,2 MMR
22081,Red River,LA,0.9796,0.9796,2024-25,2 MMR
22083,Richland,LA,0.8865,0.8865,2024-25,2 MMR
22085,Sabine,LA,0.9579,0.9579,2024-25,2 MMR
22087,St Bernard,LA,0.9516,0.9516,2024-25,2 MMR
22089,St Charles,LA,0.9542,0.9542,2024-25,2 MMR
22091,St Helena,LA,1,1,2024-25,2 MMR
22093,St James,LA,0.966,0.966,2024-25,2 MMR
22095,St John the Baptist,LA,0.9369,0.9369,2024-25,2 MMR
22097,St Landry,LA,0.9384,0.9384,2024-25,2 MMR
22099,St Martin,LA,0.9273,0.9273,2024-25,2 MMR
22101,St Mary,LA,0.9105,0.9105,2024-25,2 MMR
22103,St Tammany,LA,0.8768,0.8768,2024-25,2 MMR
22105,Tangipahoa,LA,0.9189,0.9189,2024-25,2 MMR
22107,Tensas,LA,0.8636,0.8636,2024-25,2 MMR
22109,Terrebonne,LA,0.8969,0.8969,2024-25,2 MMR
22111,Union,LA,0.8772,0.8772,2024-25,2 MMR
22113,Vermilion,LA,0.9199,0.9199,2024-25,2 MMR
22115,Vernon,LA,0.9048,0.9048,2024-25,2 MMR
22117,Washington,LA,0.9402,0.9402,2024-25,2 MMR
22119,Webster,LA,0.9084,0.9084,2024-25,2 MMR
22121,West Baton Rouge,LA,0.9308,0.9308,2024-25,2 MMR
22123,West Carroll,LA,0.7778,0.7778,2024-25,2 MMR
22125,West Feliciana,LA,0.9708,0.9708,2024-25,2 MMR
22127,Winn,LA,0.9914,0.9914,2024-25,2 MMR
25001,Barnstable,MA,0.952,0.952,2024-25,2 MMR
25003,Berkshire,MA,0.918,0.918,2024-25,2 MMR
25005,Bristol,MA,0.976,0.976,2024-25,2 MMR
25007,Dukes,MA,0.951,0.951,2024-25,2 MMR
25009,Essex,MA,0.965,0.965,2024-25,2 MMR
25011,Franklin,MA,0.915,0.915,2024-25,2 MMR
25013,Hampden,MA,0.938,0.938,2024-25,2 MMR
25015,Hampshire,MA,0.957,0.957,2024-25,2 MMR
25017,Middlesex,MA,0.981,0.981,2024-25,2 MMR
25019,Nantucket,MA,0.91,0.91,2024-25,2 MMR
25021,Norfolk,MA,0.978,0.978,2024-25,2 MMR
25023,Plymouth,MA,0.962,0.962,2024-25,2 MMR
25025,Suffolk,MA,0.941,0.941,2024-25,2 MMR
25027,Worcester,MA,0.966,0.966,2024-25,2 MMR
24001,Allegany,MD,0.9505,0.9505,2024-25,2 MMR
24003,Anne Arundel,MD,0.9665,0.9665,2024-25,2 MMR
24005,Baltimore,MD,0.9766,0.9766,2024-25,2 MMR
24009,Calvert,MD,0.968,0.968,2024-25,2 MMR
24011,Caroline,MD,0.9852,0.9852,2024-25,2 MMR
24013,Carroll,MD,0.9681,0.9681,2024-25,2 MMR
24015,Cecil,MD,0.951,0.951,2024-25,2 MMR
24017,Charles,MD,0.974,0.974,2024-25,2 MMR
24019,Dorchester,MD,0.9717,0.9717,2024-25,2 MMR
24021,Frederick,MD,0.9611,0.9611,2024-25,2 MMR
24023,Garrett,MD,0.9465,0.9465,2024-25,2 MMR
24025,Harford,MD,0.9687,0.9687,2024-25,2 MMR
24027,Howard,MD,0.9663,0.9663,2024-25,2 MMR
24029,Kent,MD,0.8839,0.8839,2024-25,2 MMR
24031,Montgomery,MD,0.9727,0.9727,2024-25,2 MMR
24033,Prince Georges,MD,0.9469,0.9469,2024-25,2 MMR
24035,Queen Annes,MD,0.9649,0.9649,2024-25,2 MMR
24037,St Marys,MD,0.9756,0.9756,2024-25,2 MMR
24039,Somerset,MD,0.9744,0.9744,2024-25,2 MMR
24041,Talbot,MD,0.9752,0.9752,2024-25,2 MMR
24043,Washington,MD,0.9674,0.9674,2024-25,2 MMR
24045,Wicomico,MD,0.9691,0.9691,2024-25,2 MMR
24047,Worcester,MD,0.9714,0.9714,2024-25,2 MMR
24510,Baltimore City,MD,0.9472,0.9472,2024-25,2 MMR
23001,Androscoggin,ME,0.9685,0.9685,2024-25,Full Series
23003,Aroostook,ME,0.9724,0.9724,2024-25,Full Series
23005,Cumberland,ME,0.9771,0.9771,2024-25,Full Series
23007,Franklin,ME,0.9657,0.9657,2024-25,Full Series
23009,Hancock,ME,0.9832,0.9832,2024-25,Full Series
23011,Kennebec,ME,0.9881,0.9881,2024-25,Full Series
23013,Knox,ME,0.9527,0.9527,2024-25,Full Series
23015,Lincoln,ME,0.9674,0.9674,2024-25,Full Series
23017,Oxford,ME,0.9765,0.9765,2024-25,Full Series
23019,Penobscot,ME,0.9744,0.9744,2024-25,Full Series
23021,Piscataquis,ME,0.9167,0.9167,2024-25,Full Series
23023,Sagadahoc,ME,0.987,0.987,2024-25,Full Series
23025,Somerset,ME,0.9879,0.9879,2024-25,Full Series
23027,Waldo,ME,0.9712,0.9712,2024-25,Full Series
23029,Washington,ME,0.9738,0.9738,2024-25,Full Series
23031,York,ME,0.9792,0.9792,2024-25,Full Series
26001,Alcona,MI,0.92156863,0.92156863,2024-25,Full Series
26003,Alger,MI,0.98275862,0.98275862,2024-25,Full Series
26005,Allegan,MI,0.90327494,0.90327494,2024-25,Full Series
26007,Alpena,MI,0.87943262,0.87943262,2024-25,Full Series
26009,Antrim,MI,0.87745098,0.87745098,2024-25,Full Series
26011,Arenac,MI,0.91414141,0.91414141,2024-25,Full Series
26013,Baraga,MI,0.87058824,0.87058824,2024-25,Full Series
26015,Barry,MI,0.89162562,0.89162562,2024-25,Full Series
26017,Bay,MI,0.90241228,0.90241228,2024-25,Full Series
26019,Benzie,MI,0.7751938,0.7751938,2024-25,Full Series
26021,Berrien,MI,0.90217391,0.90217391,2024-25,Full Series
26023,Branch,MI,0.9217759,0.9217759,2024-25,Full Series
26025,Calhoun,MI,0.90742001,0.90742001,2024-25,Full Series
26027,Cass,MI,0.93643032,0.93643032,2024-25,Full Series
26029,Charlevoix,MI,0.87671233,0.87671233,2024-25,Full Series
26031,Cheboygan,MI,0.875,0.875,2024-25,Full Series
26033,Chippewa,MI,0.91372549,0.91372549,2024-25,Full Series
26035,Clare,MI,0.89666667,0.89666667,2024-25,Full Series
26037,Clinton,MI,0.91732283,0.91732283,2024-25,Full Series
26039,Crawford,MI,0.92561983,0.92561983,2024-25,Full Series
26041,Delta,MI,0.90332326,0.90332326,2024-25,Full Series
26043,Dickinson,MI,0.91891892,0.91891892,2024-25,Full Series
26045,Eaton,MI,0.92349138,0.92349138,2024-25,Full Series
26047,Emmet,MI,0.91290323,0.91290323,2024-25,Full Series
26049,Genesee,MI,0.89990162,0.89990162,2024-25,Full Series
26051,Gladwin,MI,0.88764045,0.88764045,2024-25,Full Series
26053,Gogebic,MI,0.86138614,0.86138614,2024-25,Full Series
26055,Grand Traverse,MI,0.88840453,0.88840453,2024-25,Full Series
26057,Gratiot,MI,0.91954023,0.91954023,2024-25,Full Series
26059,Hillsdale,MI,0.88717949,0.88717949,2024-25,Full Series
26061,Houghton,MI,0.73989899,0.73989899,2024-25,Full Series
26063,Huron,MI,0.88996764,0.88996764,2024-25,Full Series
26065,Ingham,MI,0.90624,0.90624,2024-25,Full Series
26067,Ionia,MI,0.9088359,0.9088359,2024-25,Full Series
26069,Iosco,MI,0.90140845,0.90140845,2024-25,Full Series
26071,Iron,MI,0.87155963,0.87155963,2024-25,Full Series
26073,Isabella,MI,0.91631799,0.91631799,2024-25,Full Series
26075,Jackson,MI,0.91856492,0.91856492,2024-25,Full Series
26077,Kalamazoo,MI,0.91347939,0.91347939,2024-25,Full Series
26079,Kalkaska,MI,0.88757396,0.88757396,2024-25,Full Series
26081,Kent,MI,0.92520807,0.92520807,2024-25,Full Series
26085,Lake,MI,0.90909091,0.90909091,2024-25,Full Series
26087,Lapeer,MI,0.82070707,0.82070707,2024-25,Full Series
26089,Leelanau,MI,0.88198758,0.88198758,2024-25,Full Series
26091,Lenawee,MI,0.87826087,0.87826087,2024-25,Full Series
26093,Livingston,MI,0.84727273,0.84727273,2024-25,Full Series
26095,Luce,MI,0.91891892,0.91891892,2024-25,Full Series
26097,Mackinac,MI,0.91666667,0.91666667,2024-25,Full Series
26099,Macomb,MI,0.87265999,0.87265999,2024-25,Full Series
26101,Manistee,MI,0.85755814,0.85755814,2024-25,Full Series
26103,Marquette,MI,0.92822967,0.92822967,2024-25,Full Series
26105,Mason,MI,0.88888889,0.88888889,2024-25,Full Series
26107,Mecosta,MI,0.91252485,0.91252485,2024-25,Full Series
26109,Menominee,MI,0.8700565,0.8700565,2024-25,Full Series
26111,Midland,MI,0.88180884,0.88180884,2024-25,Full Series
26113,Missaukee,MI,0.88953488,0.88953488,2024-25,Full Series
26115,Monroe,MI,0.89901904,0.89901904,2024-25,Full Series
26117,Montcalm,MI,0.90909091,0.90909091,2024-25,Full Series
26119,Montmorency,MI,0.89583333,0.89583333,2024-25,Full Series
26121,Muskegon,MI,0.92170257,0.92170257,2024-25,Full Series
26123,Newaygo,MI,0.875,0.875,2024-25,Full Series
26125,Oakland,MI,0.87781856,0.87781856,2024-25,Full Series
26127,Oceana,MI,0.88541667,0.88541667,2024-25,Full Series
26129,Ogemaw,MI,0.85507246,0.85507246,2024-25,Full Series
26131,Ontonagon,MI,0.82142857,0.82142857,2024-25,Full Series
26133,Osceola,MI,0.888,0.888,2024-25,Full Series
26135,Oscoda,MI,0.7761194,0.7761194,2024-25,Full Series
26137,Otsego,MI,0.82954545,0.82954545,2024-25,Full Series
26139,Ottawa,MI,0.93063584,0.93063584,2024-25,Full Series
26141,Presque Isle,MI,0.91566265,0.91566265,2024-25,Full Series
26143,Roscommon,MI,0.89393939,0.89393939,2024-25,Full Series
26145,Saginaw,MI,0.92585551,0.92585551,2024-25,Full Series
26147,St Clair,MI,0.86947063,0.86947063,2024-25,Full Series
26149,St Joseph,MI,0.89435601,0.89435601,2024-25,Full Series
26151,Sanilac,MI,0.88917526,0.88917526,2024-25,Full Series
26153,Schoolcraft,MI,0.95081967,0.95081967,2024-25,Full Series
26155,Shiawassee,MI,0.8968254,0.8968254,2024-25,Full Series
26157,Tuscola,MI,0.90662139,0.90662139,2024-25,Full Series
26159,Van Buren,MI,0.94326923,0.94326923,2024-25,Full Series
26161,Washtenaw,MI,0.9151798,0.9151798,2024-25,Full Series
26163,Wayne,MI,,,2024-25,Full Series
26165,Wexford,MI,0.856,0.856,2024-25,Full Series
27001,Aitkin,MN,0.784,0.784,2024-25,2 MMR
27003,Anoka,MN,0.864,0.864,2024-25,2 MMR
27005,Becker,MN,0.905,0.905,2024-25,2 MMR
27007,Beltrami,MN,0.87,0.87,2024-25,2 MMR
27009,Benton,MN,0.9,0.9,2024-25,2 MMR
27011,Big Stone,MN,0.923,0.923,2024-25,2 MMR
27013,Blue Earth,MN,0.897,0.897,2024-25,2 MMR
27015,Brown,MN,0.918,0.918,2024-25,2 MMR
27017,Carlton,MN,0.923,0.923,2024-25,2 MMR
27019,Carver,MN,0.858,0.858,2024-25,2 MMR
27021,Cass,MN,0.825,0.825,2024-25,2 MMR
27023,Chippewa,MN,0.881,0.881,2024-25,2 MMR
27025,Chisago,MN,0.884,0.884,2024-25,2 MMR
27027,Clay,MN,0.874,0.874,2024-25,2 MMR
27029,Clearwater,MN,0.681,0.681,2024-25,2 MMR
27031,Cook,MN,0.719,0.719,2024-25,2 MMR
27033,Cottonwood,MN,0.962,0.962,2024-25,2 MMR
27035,Crow Wing,MN,0.798,0.798,2024-25,2 MMR
27037,Dakota,MN,0.865,0.865,2024-25,2 MMR
27039,Dodge,MN,0.891,0.891,2024-25,2 MMR
27041,Douglas,MN,0.884,0.884,2024-25,2 MMR
27043,Faribault,MN,0.883,0.883,2024-25,2 MMR
27045,Fillmore,MN,0.916,0.916,2024-25,2 MMR
27047,Freeborn,MN,0.851,0.851,2024-25,2 MMR
27049,Goodhue,MN,0.923,0.923,2024-25,2 MMR
27051,Grant,MN,0.914,0.914,2024-25,2 MMR
27053,Hennepin,MN,0.844,0.844,2024-25,2 MMR
27055,Houston,MN,0.77,0.77,2024-25,2 MMR
27057,Hubbard,MN,0.83,0.83,2024-25,2 MMR
27059,Isanti,MN,0.843,0.843,2024-25,2 MMR
27061,Itasca,MN,0.897,0.897,2024-25,2 MMR
27063,Jackson,MN,0.888,0.888,2024-25,2 MMR
27065,Kanabec,MN,0.853,0.853,2024-25,2 MMR
27067,Kandiyohi,MN,0.848,0.848,2024-25,2 MMR
27069,Kittson,MN,0.712,0.712,2024-25,2 MMR
27071,Koochiching,MN,0.86,0.86,2024-25,2 MMR
27073,Lac qui Parle,MN,0.84,0.84,2024-25,2 MMR
27075,Lake,MN,0.84,0.84,2024-25,2 MMR
27077,Lake of the Woods,MN,0.914,0.914,2024-25,2 MMR
27079,Le Sueur,MN,0.873,0.873,2024-25,2 MMR
27081,Lincoln,MN,0.862,0.862,2024-25,2 MMR
27083,Lyon,MN,0.871,0.871,2024-25,2 MMR
27085,McLeod,MN,0.887,0.887,2024-25,2 MMR
27087,Mahnomen,MN,0.931,0.931,2024-25,2 MMR
27089,Marshall,MN,0.921,0.921,2024-25,2 MMR
27091,Martin,MN,0.822,0.822,2024-25,2 MMR
27093,Meeker,MN,0.833,0.833,2024-25,2 MMR
27095,Mille Lacs,MN,0.851,0.851,2024-25,2 MMR
27097,Morrison,MN,0.897,0.897,2024-25,2 MMR
27099,Mower,MN,0.943,0.943,2024-25,2 MMR
27101,Murray,MN,0.924,0.924,2024-25,2 MMR
27103,Nicollet,MN,0.926,0.926,2024-25,2 MMR
27105,Nobles,MN,0.858,0.858,2024-25,2 MMR
27107,Norman,MN,0.914,0.914,2024-25,2 MMR
27109,Olmsted,MN,0.933,0.933,2024-25,2 MMR
27111,Otter Tail,MN,0.818,0.818,2024-25,2 MMR
27113,Pennington,MN,0.953,0.953,2024-25,2 MMR
27115,Pine,MN,0.844,0.844,2024-25,2 MMR
27117,Pipestone,MN,0.898,0.898,2024-25,2 MMR
27119,Polk,MN,0.855,0.855,2024-25,2 MMR
27121,Pope,MN,0.889,0.889,2024-25,2 MMR
27123,Ramsey,MN,0.886,0.886,2024-25,2 MMR
27125,Red Lake,MN,0.915,0.915,2024-25,2 MMR
27127,Redwood,MN,0.843,0.843,2024-25,2 MMR
27129,Renville,MN,0.923,0.923,2024-25,2 MMR
27131,Rice,MN,0.851,0.851,2024-25,2 MMR
27133,Rock,MN,0.871,0.871,2024-25,2 MMR
27135,Roseau,MN,0.823,0.823,2024-25,2 MMR
27137,St Louis,MN,0.907,0.907,2024-25,2 MMR
27139,Scott,MN,0.848,0.848,2024-25,2 MMR
27141,Sherburne,MN,0.822,0.822,2024-25,2 MMR
27143,Sibley,MN,0.808,0.808,2024-25,2 MMR
27145,Stearns,MN,0.777,0.777,2024-25,2 MMR
27147,Steele,MN,0.883,0.883,2024-25,2 MMR
27149,Stevens,MN,0.864,0.864,2024-25,2 MMR
27151,Swift,MN,0.88,0.88,2024-25,2 MMR
27153,Todd,MN,0.786,0.786,2024-25,2 MMR
27155,Traverse,MN,1,1,2024-25,2 MMR
27157,Wabasha,MN,0.87,0.87,2024-25,2 MMR
27159,Wadena,MN,0.67,0.67,2024-25,2 MMR
27161,Waseca,MN,0.891,0.891,2024-25,2 MMR
27163,Washington,MN,0.911,0.911,2024-25,2 MMR
27165,Watonwan,MN,0.95,0.95,2024-25,2 MMR
27167,Wilkin,MN,0.942,0.942,2024-25,2 MMR
27169,Winona,MN,0.903,0.903,2024-25,2 MMR
27171,Wright,MN,0.852,0.852,2024-25,2 MMR
27173,Yellow Medicine,MN,0.957,0.957,2024-25,2 MMR
29001,Adair,MO,0.944,0.944,2024-25,2 MMR
29003,Andrew,MO,0.948,0.948,2024-25,2 MMR
29005,Atchison,MO,0.913,0.913,2024-25,2 MMR
29007,Audrain,MO,0.967,0.967,2024-25,2 MMR
29009,Barry,MO,0.92,0.92,2024-25,2 MMR
29011,Barton,MO,0.933,0.933,2024-25,2 MMR
29013,Bates,MO,0.869,0.869,2024-25,2 MMR
29015,Benton,MO,0.806,0.806,2024-25,2 MMR
29017,Bollinger,MO,0.908,0.908,2024-25,2 MMR
29019,Boone,MO,0.949,0.949,2024-25,2 MMR
29021,Buchanan,MO,0.965,0.965,2024-25,2 MMR
29023,Butler,MO,0.861,0.861,2024-25,2 MMR
29025,Caldwell,MO,0.951,0.951,2024-25,2 MMR
29027,Callaway,MO,0.905,0.905,2024-25,2 MMR
29029,Camden,MO,0.907,0.907,2024-25,2 MMR
29031,Cape Girardeau,MO,0.9,0.9,2024-25,2 MMR
29033,Carroll,MO,0.946,0.946,2024-25,2 MMR
29035,Carter,MO,0.859,0.859,2024-25,2 MMR
29037,Cass,MO,0.898,0.898,2024-25,2 MMR
29039,Cedar,MO,0.744,0.744,2024-25,2 MMR
29041,Chariton,MO,0.942,0.942,2024-25,2 MMR
29043,Christian,MO,0.815,0.815,2024-25,2 MMR
29045,Clark,MO,0.96,0.96,2024-25,2 MMR
29047,Clay,MO,0.899,0.899,2024-25,2 MMR
29049,Clinton,MO,0.884,0.884,2024-25,2 MMR
29051,Cole,MO,0.948,0.948,2024-25,2 MMR
29053,Cooper,MO,0.932,0.932,2024-25,2 MMR
29055,Crawford,MO,0.913,0.913,2024-25,2 MMR
29057,Dade,MO,0.907,0.907,2024-25,2 MMR
29059,Dallas,MO,0.844,0.844,2024-25,2 MMR
29061,Daviess,MO,0.744,0.744,2024-25,2 MMR
29063,DeKalb,MO,0.974,0.974,2024-25,2 MMR
29065,Dent,MO,0.879,0.879,2024-25,2 MMR
29067,Douglas,MO,0.754,0.754,2024-25,2 MMR
29069,Dunklin,MO,0.961,0.961,2024-25,2 MMR
29071,Franklin,MO,0.914,0.914,2024-25,2 MMR
29073,Gasconade,MO,0.942,0.942,2024-25,2 MMR
29075,Gentry,MO,0.983,0.983,2024-25,2 MMR
29077,Greene,MO,0.873,0.873,2024-25,2 MMR
29079,Grundy,MO,0.91,0.91,2024-25,2 MMR
29081,Harrison,MO,0.88,0.88,2024-25,2 MMR
29083,Henry,MO,0.912,0.912,2024-25,2 MMR
29085,Hickory,MO,0.891,0.891,2024-25,2 MMR
29087,Holt,MO,0.872,0.872,2024-25,2 MMR
29089,Howard,MO,0.991,0.991,2024-25,2 MMR
29091,Howell,MO,0.839,0.839,2024-25,2 MMR
29093,Iron,MO,0.959,0.959,2024-25,2 MMR
29095,Jackson,MO,0.895,0.895,2024-25,2 MMR
29097,Jasper,MO,0.919,0.919,2024-25,2 MMR
29099,Jefferson,MO,0.941,0.941,2024-25,2 MMR
29101,Johnson,MO,0.902,0.902,2024-25,2 MMR
29103,Knox,MO,0.975,0.975,2024-25,2 MMR
29105,Laclede,MO,0.909,0.909,2024-25,2 MMR
29107,Lafayette,MO,0.857,0.857,2024-25,2 MMR
29109,Lawrence,MO,0.858,0.858,2024-25,2 MMR
29111,Lewis,MO,0.875,0.875,2024-25,2 MMR
29113,Lincoln,MO,0.936,0.936,2024-25,2 MMR
29115,Linn,MO,0.916,0.916,2024-25,2 MMR
29117,Livingston,MO,0.925,0.925,2024-25,2 MMR
29119,McDonald,MO,0.91,0.91,2024-25,2 MMR
29121,Macon,MO,0.888,0.888,2024-25,2 MMR
29123,Madison,MO,0.967,0.967,2024-25,2 MMR
29125,Maries,MO,0.899,0.899,2024-25,2 MMR
29127,Marion,MO,0.942,0.942,2024-25,2 MMR
29129,Mercer,MO,1,1,2024-25,2 MMR
29131,Miller,MO,0.898,0.898,2024-25,2 MMR
29133,Mississippi,MO,0.936,0.936,2024-25,2 MMR
29135,Moniteau,MO,0.94,0.94,2024-25,2 MMR
29137,Monroe,MO,0.923,0.923,2024-25,2 MMR
29139,Montgomery,MO,0.959,0.959,2024-25,2 MMR
29141,Morgan,MO,0.856,0.856,2024-25,2 MMR
29143,New Madrid,MO,0.963,0.963,2024-25,2 MMR
29145,Newton,MO,0.893,0.893,2024-25,2 MMR
29147,Nodaway,MO,0.962,0.962,2024-25,2 MMR
29149,Oregon,MO,0.858,0.858,2024-25,2 MMR
29151,Osage,MO,0.919,0.919,2024-25,2 MMR
29153,Ozark,MO,0.729,0.729,2024-25,2 MMR
29155,Pemiscot,MO,0.681,0.681,2024-25,2 MMR
29157,Perry,MO,0.882,0.882,2024-25,2 MMR
29159,Pettis,MO,0.824,0.824,2024-25,2 MMR
29161,Phelps,MO,0.947,0.947,2024-25,2 MMR
29163,Pike,MO,0.942,0.942,2024-25,2 MMR
29165,Platte,MO,0.931,0.931,2024-25,2 MMR
29167,Polk,MO,0.873,0.873,2024-25,2 MMR
29169,Pulaski,MO,0.906,0.906,2024-25,2 MMR
29171,Putnam,MO,0.913,0.913,2024-25,2 MMR
29173,Ralls,MO,0.974,0.974,2024-25,2 MMR
29175,Randolph,MO,0.947,0.947,2024-25,2 MMR
29177,Ray,MO,0.952,0.952,2024-25,2 MMR
29179,Reynolds,MO,0.911,0.911,2024-25,2 MMR
29181,Ripley,MO,0.876,0.876,2024-25,2 MMR
29183,St Charles,MO,0.947,0.947,2024-25,2 MMR
29185,St Clair,MO,0.881,0.881,2024-25,2 MMR
29186,Ste Genevieve,MO,0.87,0.87,2024-25,2 MMR
29187,St Francois,MO,0.953,0.953,2024-25,2 MMR
29189,St Louis County,MO,0.91,0.91,2024-25,2 MMR
29195,Saline,MO,0.941,0.941,2024-25,2 MMR
29197,Schuyler,MO,0.977,0.977,2024-25,2 MMR
29199,Scotland,MO,0.941,0.941,2024-25,2 MMR
29201,Scott,MO,0.947,0.947,2024-25,2 MMR
29203,Shannon,MO,0.875,0.875,2024-25,2 MMR
29205,Shelby,MO,0.901,0.901,2024-25,2 MMR
29207,Stoddard,MO,0.915,0.915,2024-25,2 MMR
29209,Stone,MO,0.876,0.876,2024-25,2 MMR
29211,Sullivan,MO,0.959,0.959,2024-25,2 MMR
29213,Taney,MO,0.835,0.835,2024-25,2 MMR
29215,Texas,MO,0.822,0.822,2024-25,2 MMR
29217,Vernon,MO,0.891,0.891,2024-25,2 MMR
29219,Warren,MO,0.921,0.921,2024-25,2 MMR
29221,Washington,MO,0.9,0.9,2024-25,2 MMR
29223,Wayne,MO,0.911,0.911,2024-25,2 MMR
29225,Webster,MO,0.933,0.933,2024-25,2 MMR
29227,Worth,MO,1,1,2024-25,2 MMR
29229,Wright,MO,0.773,0.773,2024-25,2 MMR
29510,St Louis City,MO,0.74,0.74,2024-25,2 MMR
28001,Adams,MS,0.9821,0.9821,2024-25,Full Series
28003,Alcorn,MS,0.9864,0.9864,2024-25,Full Series
28005,Amite,MS,0.9619,0.9619,2024-25,Full Series
28007,Attala,MS,0.9908,0.9908,2024-25,Full Series
28009,Benton,MS,0.9878,0.9878,2024-25,Full Series
28011,Bolivar,MS,0.9975,0.9975,2024-25,Full Series
28013,Calhoun,MS,0.9879,0.9879,2024-25,Full Series
28015,Carroll,MS,0.9839,0.9839,2024-25,Full Series
28017,Chickasaw,MS,0.9957,0.9957,2024-25,Full Series
28019,Choctaw,MS,0.9646,0.9646,2024-25,Full Series
28021,Claiborne,MS,1,1,2024-25,Full Series
28023,Clarke,MS,0.9834,0.9834,2024-25,Full Series
28025,Clay,MS,0.9788,0.9788,2024-25,Full Series
28027,Coahoma,MS,0.9965,0.9965,2024-25,Full Series
28029,Copiah,MS,0.9835,0.9835,2024-25,Full Series
28031,Covington,MS,0.9915,0.9915,2024-25,Full Series
28033,DeSoto,MS,0.9718,0.9718,2024-25,Full Series
28035,Forrest,MS,0.9705,0.9705,2024-25,Full Series
28037,Franklin,MS,0.9691,0.9691,2024-25,Full Series
28039,George,MS,0.9597,0.9597,2024-25,Full Series
28041,Greene,MS,0.9853,0.9853,2024-25,Full Series
28043,Grenada,MS,0.9626,0.9626,2024-25,Full Series
28045,Hancock,MS,0.98,0.98,2024-25,Full Series
28047,Harrison,MS,0.9776,0.9776,2024-25,Full Series
28049,Hinds,MS,0.9751,0.9751,2024-25,Full Series
28051,Holmes,MS,0.9771,0.9771,2024-25,Full Series
28053,Humphreys,MS,1,1,2024-25,Full Series
28055,Issaquena,MS,1,1,2024-25,Full Series
28057,Itawamba,MS,0.9638,0.9638,2024-25,Full Series
28059,Jackson,MS,0.9638,0.9638,2024-25,Full Series
28061,Jasper,MS,0.9672,0.9672,2024-25,Full Series
28063,Jefferson,MS,1,1,2024-25,Full Series
28065,Jefferson Davis,MS,0.9889,0.9889,2024-25,Full Series
28067,Jones,MS,0.9667,0.9667,2024-25,Full Series
28069,Kemper,MS,0.987,0.987,2024-25,Full Series
28071,Lafayette,MS,0.9801,0.9801,2024-25,Full Series
28073,Lamar,MS,0.9879,0.9879,2024-25,Full Series
28075,Lauderdale,MS,0.9922,0.9922,2024-25,Full Series
28077,Lawrence,MS,0.9841,0.9841,2024-25,Full Series
28079,Leake,MS,0.9963,0.9963,2024-25,Full Series
28081,Lee,MS,0.9725,0.9725,2024-25,Full Series
28083,Leflore,MS,0.9803,0.9803,2024-25,Full Series
28085,Lincoln,MS,0.9444,0.9444,2024-25,Full Series
28087,Lowndes,MS,0.9804,0.9804,2024-25,Full Series
28089,Madison,MS,0.9683,0.9683,2024-25,Full Series
28091,Marion,MS,0.979,0.979,2024-25,Full Series
28093,Marshall,MS,0.9619,0.9619,2024-25,Full Series
28095,Monroe,MS,0.9863,0.9863,2024-25,Full Series
28097,Montgomery,MS,0.9722,0.9722,2024-25,Full Series
28099,Neshoba,MS,0.9917,0.9917,2024-25,Full Series
28101,Newton,MS,0.9722,0.9722,2024-25,Full Series
28103,Noxubee,MS,0.9561,0.9561,2024-25,Full Series
28105,Oktibbeha,MS,0.9934,0.9934,2024-25,Full Series
28107,Panola,MS,0.9936,0.9936,2024-25,Full Series
28109,Pearl River,MS,0.9722,0.9722,2024-25,Full Series
28111,Perry,MS,0.9924,0.9924,2024-25,Full Series
28113,Pike,MS,0.9808,0.9808,2024-25,Full Series
28115,Pontotoc,MS,0.9534,0.9534,2024-25,Full Series
28117,Prentiss,MS,0.9961,0.9961,2024-25,Full Series
28119,Quitman,MS,1,1,2024-25,Full Series
28121,Rankin,MS,0.9703,0.9703,2024-25,Full Series
28123,Scott,MS,0.9772,0.9772,2024-25,Full Series
28125,Sharkey,MS,1,1,2024-25,Full Series
28127,Simpson,MS,0.9716,0.9716,2024-25,Full Series
28129,Smith,MS,0.9855,0.9855,2024-25,Full Series
28131,Stone,MS,0.9808,0.9808,2024-25,Full Series
28133,Sunflower,MS,0.9872,0.9872,2024-25,Full Series
28135,Tallahatchie,MS,1,1,2024-25,Full Series
28137,Tate,MS,0.9598,0.9598,2024-25,Full Series
28139,Tippah,MS,0.993,0.993,2024-25,Full Series
28141,Tishomingo,MS,0.9583,0.9583,2024-25,Full Series
28143,Tunica,MS,0.9928,0.9928,2024-25,Full Series
28145,Union,MS,0.9745,0.9745,2024-25,Full Series
28147,Walthall,MS,0.9697,0.9697,2024-25,Full Series
28149,Warren,MS,0.9865,0.9865,2024-25,Full Series
28151,Washington,MS,0.9919,0.9919,2024-25,Full Series
28153,Wayne,MS,0.9932,0.9932,2024-25,Full Series
28155,Webster,MS,0.9925,0.9925,2024-25,Full Series
28157,Wilkinson,MS,1,1,2024-25,Full Series
28159,Winston,MS,0.9643,0.9643,2024-25,Full Series
28161,Yalobusha,MS,0.963,0.963,2024-25,Full Series
28163,Yazoo,MS,0.9884,0.9884,2024-25,Full Series
37001,Alamance,NC,0.95137217,0.95137217,2024-25,Full Series
37003,Alexander,NC,0.94136808,0.94136808,2024-25,Full Series
37005,Alleghany,NC,0.95384615,0.95384615,2024-25,Full Series
37007,Anson,NC,0.95330739,0.95330739,2024-25,Full Series
37009,Ashe,NC,0.97122302,0.97122302,2024-25,Full Series
37011,Avery,NC,0.8951049,0.8951049,2024-25,Full Series
37013,Beaufort,NC,0.95343681,0.95343681,2024-25,Full Series
37015,Bertie,NC,1,1,2024-25,Full Series
37017,Bladen,NC,0.96694215,0.96694215,2024-25,Full Series
37019,Brunswick,NC,0.92928453,0.92928453,2024-25,Full Series
37021,Buncombe,NC,0.89162562,0.89162562,2024-25,Full Series
37023,Burke,NC,0.95911602,0.95911602,2024-25,Full Series
37025,Cabarrus,NC,0.92197659,0.92197659,2024-25,Full Series
37027,Caldwell,NC,0.96386946,0.96386946,2024-25,Full Series
37029,Camden,NC,0.96183206,0.96183206,2024-25,Full Series
37031,Carteret,NC,0.94867257,0.94867257,2024-25,Full Series
37033,Caswell,NC,0.95266272,0.95266272,2024-25,Full Series
37035,Catawba,NC,0.91818684,0.91818684,2024-25,Full Series
37037,Chatham,NC,0.95244565,0.95244565,2024-25,Full Series
37039,Cherokee,NC,0.86666667,0.86666667,2024-25,Full Series
37041,Chowan,NC,0.93706294,0.93706294,2024-25,Full Series
37043,Clay,NC,0.87619048,0.87619048,2024-25,Full Series
37045,Cleveland,NC,0.94117647,0.94117647,2024-25,Full Series
37047,Columbus,NC,0.95117845,0.95117845,2024-25,Full Series
37049,Craven,NC,0.92741165,0.92741165,2024-25,Full Series
37051,Cumberland,NC,0.92202999,0.92202999,2024-25,Full Series
37053,Currituck,NC,0.94153846,0.94153846,2024-25,Full Series
37055,Dare,NC,0.95348837,0.95348837,2024-25,Full Series
37057,Davidson,NC,0.96441281,0.96441281,2024-25,Full Series
37059,Davie,NC,0.96097561,0.96097561,2024-25,Full Series
37061,Duplin,NC,0.97982346,0.97982346,2024-25,Full Series
37063,Durham,NC,0.88014687,0.88014687,2024-25,Full Series
37065,Edgecombe,NC,0.95429616,0.95429616,2024-25,Full Series
37067,Forsyth,NC,0.92799446,0.92799446,2024-25,Full Series
37069,Franklin,NC,0.94047619,0.94047619,2024-25,Full Series
37071,Gaston,NC,0.90848953,0.90848953,2024-25,Full Series
37073,Gates,NC,0.97029703,0.97029703,2024-25,Full Series
37075,Graham,NC,0.93589744,0.93589744,2024-25,Full Series
37077,Granville,NC,0.97540984,0.97540984,2024-25,Full Series
37079,Greene,NC,0.99502488,0.99502488,2024-25,Full Series
37081,Guilford,NC,0.92960699,0.92960699,2024-25,Full Series
37083,Halifax,NC,0.94789579,0.94789579,2024-25,Full Series
37085,Harnett,NC,0.90358467,0.90358467,2024-25,Full Series
37087,Haywood,NC,0.92261905,0.92261905,2024-25,Full Series
37089,Henderson,NC,0.90790791,0.90790791,2024-25,Full Series
37091,Hertford,NC,0.97530864,0.97530864,2024-25,Full Series
37093,Hoke,NC,0.91101056,0.91101056,2024-25,Full Series
37095,Hyde,NC,0.92307692,0.92307692,2024-25,Full Series
37097,Iredell,NC,0.91495857,0.91495857,2024-25,Full Series
37099,Jackson,NC,0.92913386,0.92913386,2024-25,Full Series
37101,Johnston,NC,0.93714093,0.93714093,2024-25,Full Series
37103,Jones,NC,0.95652174,0.95652174,2024-25,Full Series
37105,Lee,NC,0.93621868,0.93621868,2024-25,Full Series
37107,Lenoir,NC,0.9521045,0.9521045,2024-25,Full Series
37109,Lincoln,NC,0.88762984,0.88762984,2024-25,Full Series
37111,McDowell,NC,0.9747191,0.9747191,2024-25,Full Series
37113,Macon,NC,0.86319218,0.86319218,2024-25,Full Series
37115,Madison,NC,0.87407407,0.87407407,2024-25,Full Series
37117,Martin,NC,0.97607656,0.97607656,2024-25,Full Series
37119,Mecklenburg,NC,0.92045455,0.92045455,2024-25,Full Series
37121,Mitchell,NC,0.90909091,0.90909091,2024-25,Full Series
37123,Montgomery,NC,0.98742138,0.98742138,2024-25,Full Series
37125,Moore,NC,0.94683346,0.94683346,2024-25,Full Series
37127,Nash,NC,0.95996276,0.95996276,2024-25,Full Series
37129,New Hanover,NC,0.92860684,0.92860684,2024-25,Full Series
37131,Northampton,NC,0.98351648,0.98351648,2024-25,Full Series
37133,Onslow,NC,0.84225221,0.84225221,2024-25,Full Series
37135,Orange,NC,0.96588694,0.96588694,2024-25,Full Series
37137,Pamlico,NC,0.95967742,0.95967742,2024-25,Full Series
37139,Pasquotank,NC,0.91330645,0.91330645,2024-25,Full Series
37141,Pender,NC,0.9286754,0.9286754,2024-25,Full Series
37143,Perquimans,NC,0.91304348,0.91304348,2024-25,Full Series
37145,Person,NC,0.96181384,0.96181384,2024-25,Full Series
37147,Pitt,NC,0.95289684,0.95289684,2024-25,Full Series
37149,Polk,NC,0.83928571,0.83928571,2024-25,Full Series
37151,Randolph,NC,0.94973545,0.94973545,2024-25,Full Series
37153,Richmond,NC,0.97429306,0.97429306,2024-25,Full Series
37155,Robeson,NC,0.95244134,0.95244134,2024-25,Full Series
37157,Rockingham,NC,0.96205357,0.96205357,2024-25,Full Series
37159,Rowan,NC,0.89567605,0.89567605,2024-25,Full Series
37161,Rutherford,NC,0.92896936,0.92896936,2024-25,Full Series
37163,Sampson,NC,0.93985849,0.93985849,2024-25,Full Series
37165,Scotland,NC,0.89318182,0.89318182,2024-25,Full Series
37167,Stanly,NC,0.93632417,0.93632417,2024-25,Full Series
37169,Stokes,NC,0.96192893,0.96192893,2024-25,Full Series
37171,Surry,NC,0.94634146,0.94634146,2024-25,Full Series
37173,Swain,NC,0.97484277,0.97484277,2024-25,Full Series
37175,Transylvania,NC,0.84532374,0.84532374,2024-25,Full Series
37177,Tyrrell,NC,0.88,0.88,2024-25,Full Series
37179,Union,NC,0.88569496,0.88569496,2024-25,Full Series
37181,Vance,NC,0.92307692,0.92307692,2024-25,Full Series
37183,Wake,NC,0.94103792,0.94103792,2024-25,Full Series
37185,Warren,NC,0.98701299,0.98701299,2024-25,Full Series
37187,Washington,NC,1,1,2024-25,Full Series
37189,Watauga,NC,0.89634146,0.89634146,2024-25,Full Series
37191,Wayne,NC,0.94853801,0.94853801,2024-25,Full Series
37193,Wilkes,NC,0.95524691,0.95524691,2024-25,Full Series
37195,Wilson,NC,0.91975309,0.91975309,2024-25,Full Series
37197,Yadkin,NC,0.95174263,0.95174263,2024-25,Full Series
37199,Yancey,NC,0.92592593,0.92592593,2024-25,Full Series
38001,Adams,ND,0.875,0.875,2024-25,2 MMR
38003,Barnes,ND,0.9205,0.9205,2024-25,2 MMR
38005,Benson,ND,1,1,2024-25,2 MMR
38007,Billings,ND,0.6667,0.6667,2024-25,2 MMR
38009,Bottineau,ND,0.918,0.918,2024-25,2 MMR
38011,Bowman,ND,0.8936,0.8936,2024-25,2 MMR
38013,Burke,ND,0.8333,0.8333,2024-25,2 MMR
38015,Burleigh,ND,0.8857,0.8857,2024-25,2 MMR
38017,Cass,ND,0.9285,0.9285,2024-25,2 MMR
38019,Cavalier,ND,0.9565,0.9565,2024-25,2 MMR
38021,Dickey,ND,0.7174,0.7174,2024-25,2 MMR
38023,Divide,ND,0.9118,0.9118,2024-25,2 MMR
38025,Dunn,ND,0.8125,0.8125,2024-25,2 MMR
38027,Eddy,ND,0.931,0.931,2024-25,2 MMR
38029,Emmons,ND,0.8621,0.8621,2024-25,2 MMR
38031,Foster,ND,0.9216,0.9216,2024-25,2 MMR
38033,Golden Valley,ND,0.92,0.92,2024-25,2 MMR
38035,Grand Forks,ND,0.9199,0.9199,2024-25,2 MMR
38037,Grant,ND,0.5909,0.5909,2024-25,2 MMR
38039,Griggs,ND,0.8857,0.8857,2024-25,2 MMR
38041,Hettinger,ND,0.8974,0.8974,2024-25,2 MMR
38043,Kidder,ND,0.88,0.88,2024-25,2 MMR
38045,La Moure,ND,0.8889,0.8889,2024-25,2 MMR
38047,Logan,ND,0.7,0.7,2024-25,2 MMR
38049,McHenry,ND,0.7619,0.7619,2024-25,2 MMR
38051,McIntosh,ND,0.8571,0.8571,2024-25,2 MMR
38053,McKenzie,ND,0.7,0.7,2024-25,2 MMR
38055,McLean,ND,0.8242,0.8242,2024-25,2 MMR
38057,Mercer,ND,0.8198,0.8198,2024-25,2 MMR
38059,Morton,ND,0.8794,0.8794,2024-25,2 MMR
38061,Mountrail,ND,0.8721,0.8721,2024-25,2 MMR
38063,Nelson,ND,0.9429,0.9429,2024-25,2 MMR
38065,Oliver,ND,0.9286,0.9286,2024-25,2 MMR
38067,Pembina,ND,0.9565,0.9565,2024-25,2 MMR
38069,Pierce,ND,0.9167,0.9167,2024-25,2 MMR
38071,Ramsey,ND,0.9825,0.9825,2024-25,2 MMR
38073,Ransom,ND,0.95,0.95,2024-25,2 MMR
38075,Renville,ND,0.9167,0.9167,2024-25,2 MMR
38077,Richland,ND,0.9333,0.9333,2024-25,2 MMR
38079,Rolette,ND,0.9824,0.9824,2024-25,2 MMR
38081,Sargent,ND,0.8478,0.8478,2024-25,2 MMR
38083,Sheridan,ND,0.5714,0.5714,2024-25,2 MMR
38085,Sioux,ND,0.875,0.875,2024-25,2 MMR
38087,Slope,ND,,,2024-25,2 MMR
38089,Stark,ND,0.8727,0.8727,2024-25,2 MMR
38091,Steele,ND,1,1,2024-25,2 MMR
38093,Stutsman,ND,0.9163,0.9163,2024-25,2 MMR
38095,Towner,ND,0.9412,0.9412,2024-25,2 MMR
38097,Traill,ND,0.9535,0.9535,2024-25,2 MMR
38099,Walsh,ND,0.9573,0.9573,2024-25,2 MMR
38101,Ward,ND,0.9195,0.9195,2024-25,2 MMR
38103,Wells,ND,0.7826,0.7826,2024-25,2 MMR
38105,Williams,ND,0.805,0.805,2024-25,2 MMR
31001,Adams,NE,0.957627119,0.957627119,2024-25,2 MMR
31003,Antelope,NE,0.875,0.875,2024-25,2 MMR
31005,Arthur,NE,,,2024-25,2 MMR
31007,Banner,NE,0.5714,0.5714,2024-25,2 MMR
31009,Blaine,NE,,,2024-25,2 MMR
31011,Boone,NE,0.984615385,0.984615385,2024-25,2 MMR
31013,Box Butte,NE,0.894308943,0.894308943,2024-25,2 MMR
31015,Boyd,NE,0.818181818,0.818181818,2024-25,2 MMR
31017,Brown,NE,0.935483871,0.935483871,2024-25,2 MMR
31019,Buffalo,NE,0.975641026,0.975641026,2024-25,2 MMR
31021,Burt,NE,0.973684211,0.973684211,2024-25,2 MMR
31023,Butler,NE,0.93442623,0.93442623,2024-25,2 MMR
31025,Cass,NE,0.924686192,0.924686192,2024-25,2 MMR
31027,Cedar,NE,0.864,0.864,2024-25,2 MMR
31029,Chase,NE,0.94,0.94,2024-25,2 MMR
31031,Cherry,NE,0.898550725,0.898550725,2024-25,2 MMR
31033,Cheyenne,NE,0.957142857,0.957142857,2024-25,2 MMR
31035,Clay,NE,0.916666667,0.916666667,2024-25,2 MMR
31037,Colfax,NE,0.984771574,0.984771574,2024-25,2 MMR
31039,Cuming,NE,0.95890411,0.95890411,2024-25,2 MMR
31041,Custer,NE,0.9,0.9,2024-25,2 MMR
31043,Dakota,NE,0.954545455,0.954545455,2024-25,2 MMR
31045,Dawes,NE,0.942028986,0.942028986,2024-25,2 MMR
31047,Dawson,NE,0.976253298,0.976253298,2024-25,2 MMR
31049,Deuel,NE,0.857142857,0.857142857,2024-25,2 MMR
31051,Dixon,NE,0.979591837,0.979591837,2024-25,2 MMR
31053,Dodge,NE,0.943277311,0.943277311,2024-25,2 MMR
31055,Douglas,NE,0.980565174,0.980565174,2024-25,2 MMR
31057,Dundy,NE,0.909090909,0.909090909,2024-25,2 MMR
31059,Fillmore,NE,0.947368421,0.947368421,2024-25,2 MMR
31061,Franklin,NE,,,2024-25,2 MMR
31063,Frontier,NE,0.897959184,0.897959184,2024-25,2 MMR
31065,Furnas,NE,0.949367089,0.949367089,2024-25,2 MMR
31067,Gage,NE,0.936585366,0.936585366,2024-25,2 MMR
31069,Garden,NE,0.636363636,0.636363636,2024-25,2 MMR
31071,Garfield,NE,1,1,2024-25,2 MMR
31073,Gosper,NE,0.666666667,0.666666667,2024-25,2 MMR
31075,Grant,NE,0.785714286,0.785714286,2024-25,2 MMR
31077,Greeley,NE,0.891891892,0.891891892,2024-25,2 MMR
31079,Hall,NE,0.96326062,0.96326062,2024-25,2 MMR
31081,Hamilton,NE,0.876106195,0.876106195,2024-25,2 MMR
31083,Harlan,NE,0.956521739,0.956521739,2024-25,2 MMR
31085,Hayes,NE,0.375,0.375,2024-25,2 MMR
31087,Hitchcock,NE,0.904761905,0.904761905,2024-25,2 MMR
31089,Holt,NE,0.951086957,0.951086957,2024-25,2 MMR
31091,Hooker,NE,,,2024-25,2 MMR
31093,Howard,NE,0.945054945,0.945054945,2024-25,2 MMR
31095,Jefferson,NE,0.972972973,0.972972973,2024-25,2 MMR
31097,Johnson,NE,0.974358974,0.974358974,2024-25,2 MMR
31099,Kearney,NE,0.977272727,0.977272727,2024-25,2 MMR
31101,Keith,NE,0.931034483,0.931034483,2024-25,2 MMR
31103,Keya Paha,NE,0.75,0.75,2024-25,2 MMR
31105,Kimball,NE,0.961538462,0.961538462,2024-25,2 MMR
31107,Knox,NE,0.907563025,0.907563025,2024-25,2 MMR
31109,Lancaster,NE,0.894271872,0.894271872,2024-25,2 MMR
31111,Lincoln,NE,0.945054945,0.945054945,2024-25,2 MMR
31113,Logan,NE,0.857142857,0.857142857,2024-25,2 MMR
31115,Loup,NE,0.6,0.6,2024-25,2 MMR
31117,McPherson,NE,1,1,2024-25,2 MMR
31119,Madison,NE,0.96925859,0.96925859,2024-25,2 MMR
31121,Merrick,NE,0.973333333,0.973333333,2024-25,2 MMR
31123,Morrill,NE,0.844444444,0.844444444,2024-25,2 MMR
31125,Nance,NE,0.955223881,0.955223881,2024-25,2 MMR
31127,Nemaha,NE,0.884615385,0.884615385,2024-25,2 MMR
31129,Nuckolls,NE,0.917647059,0.917647059,2024-25,2 MMR
31131,Otoe,NE,0.944,0.944,2024-25,2 MMR
31133,Pawnee,NE,0.956521739,0.956521739,2024-25,2 MMR
31135,Perkins,NE,0.958333333,0.958333333,2024-25,2 MMR
31137,Phelps,NE,0.961783439,0.961783439,2024-25,2 MMR
31139,Pierce,NE,0.901098901,0.901098901,2024-25,2 MMR
31141,Platte,NE,0.978308026,0.978308026,2024-25,2 MMR
31143,Polk,NE,0.928571429,0.928571429,2024-25,2 MMR
31145,Red Willow,NE,0.976923077,0.976923077,2024-25,2 MMR
31147,Richardson,NE,0.95959596,0.95959596,2024-25,2 MMR
31149,Rock,NE,,,2024-25,2 MMR
31151,Saline,NE,0.969849246,0.969849246,2024-25,2 MMR
31153,Sarpy,NE,0.953096539,0.953096539,2024-25,2 MMR
31155,Saunders,NE,0.951871658,0.951871658,2024-25,2 MMR
31157,Scotts Bluff,NE,0.901960784,0.901960784,2024-25,2 MMR
31159,Seward,NE,0.970149254,0.970149254,2024-25,2 MMR
31161,Sheridan,NE,0.87804878,0.87804878,2024-25,2 MMR
31163,Sherman,NE,0.923076923,0.923076923,2024-25,2 MMR
31165,Sioux,NE,1,1,2024-25,2 MMR
31167,Stanton,NE,1,1,2024-25,2 MMR
31169,Thayer,NE,0.962962963,0.962962963,2024-25,2 MMR
31171,Thomas,NE,,,2024-25,2 MMR
31173,Thurston,NE,0.903225806,0.903225806,2024-25,2 MMR
31175,Valley,NE,0.896551724,0.896551724,2024-25,2 MMR
31177,Washington,NE,0.936651584,0.936651584,2024-25,2 MMR
31179,Wayne,NE,0.962264151,0.962264151,2024-25,2 MMR
31181,Webster,NE,1,1,2024-25,2 MMR
31183,Wheeler,NE,0.9375,0.9375,2024-25,2 MMR
31185,York,NE,0.964028777,0.964028777,2024-25,2 MMR
33001,Belknap,NH,0.935,0.935,2024-25,Full Series
33003,Carroll,NH,0.904,0.904,2024-25,Full Series
33005,Cheshire,NH,0.905,0.905,2024-25,Full Series
33007,Coos,NH,0.944,0.944,2024-25,Full Series
33009,Grafton,NH,0.911,0.911,2024-25,Full Series
33011,Hillsborough,NH,0.929,0.929,2024-25,Full Series
33013,Merrimack,NH,0.917,0.917,2024-25,Full Series
33015,Rockingham,NH,0.937,0.937,2024-25,Full Series
33017,Strafford,NH,0.932,0.932,2024-25,Full Series
33019,Sullivan,NH,0.906,0.906,2024-25,Full Series
34001,Atlantic,NJ,0.889,0.889,2024-25,Full Series
34003,Bergen,NJ,0.949,0.949,2024-25,Full Series
34005,Burlington,NJ,0.933,0.933,2024-25,Full Series
34007,Camden,NJ,0.949,0.949,2024-25,Full Series
34009,Cape May,NJ,0.893,0.893,2024-25,Full Series
34011,Cumberland,NJ,0.954,0.954,2024-25,Full Series
34013,Essex,NJ,0.924,0.924,2024-25,Full Series
34015,Gloucester,NJ,0.948,0.948,2024-25,Full Series
34017,Hudson,NJ,0.937,0.937,2024-25,Full Series
34019,Hunterdon,NJ,0.924,0.924,2024-25,Full Series
34021,Mercer,NJ,0.953,0.953,2024-25,Full Series
34023,Middlesex,NJ,0.951,0.951,2024-25,Full Series
34025,Monmouth,NJ,0.888,0.888,2024-25,Full Series
34027,Morris,NJ,0.941,0.941,2024-25,Full Series
34029,Ocean,NJ,0.843,0.843,2024-25,Full Series
34031,Passaic,NJ,0.947,0.947,2024-25,Full Series
34033,Salem,NJ,0.948,0.948,2024-25,Full Series
34035,Somerset,NJ,0.949,0.949,2024-25,Full Series
34037,Sussex,NJ,0.909,0.909,2024-25,Full Series
34039,Union,NJ,0.948,0.948,2024-25,Full Series
34041,Warren,NJ,0.928,0.928,2024-25,Full Series
35001,Bernalillo,NM,0.9371,0.9371,2024-25,2 MMR
35003,Catron,NM,0.5,0.5,2024-25,2 MMR
35005,Chaves,NM,0.9814,0.9814,2024-25,2 MMR
35006,Cibola,NM,0.9235,0.9235,2024-25,2 MMR
35007,Colfax,NM,0.9,0.9,2024-25,2 MMR
35009,Curry,NM,0.9784,0.9784,2024-25,2 MMR
35011,De Baca,NM,0.9333,0.9333,2024-25,2 MMR
35013,Dona Ana,NM,0.9784,0.9784,2024-25,2 MMR
35015,Eddy,NM,0.9539,0.9539,2024-25,2 MMR
35017,Grant,NM,0.8711,0.8711,2024-25,2 MMR
35019,Guadalupe,NM,0.9697,0.9697,2024-25,2 MMR
35021,Harding,NM,1,1,2024-25,2 MMR
35023,Hidalgo,NM,0.9643,0.9643,2024-25,2 MMR
35025,Lea,NM,0.9666,0.9666,2024-25,2 MMR
35027,Lincoln,NM,0.9307,0.9307,2024-25,2 MMR
35028,Los Alamos,NM,0.9828,0.9828,2024-25,2 MMR
35029,Luna,NM,0.9798,0.9798,2024-25,2 MMR
35031,McKinley,NM,0.9057,0.9057,2024-25,2 MMR
35033,Mora,NM,1,1,2024-25,2 MMR
35035,Otero,NM,0.9654,0.9654,2024-25,2 MMR
35037,Quay,NM,0.9362,0.9362,2024-25,2 MMR
35039,Rio Arriba,NM,0.9361,0.9361,2024-25,2 MMR
35041,Roosevelt,NM,0.964,0.964,2024-25,2 MMR
35043,Sandoval,NM,0.9603,0.9603,2024-25,2 MMR
35045,San Juan,NM,0.9548,0.9548,2024-25,2 MMR
35047,San Miguel,NM,0.9091,0.9091,2024-25,2 MMR
35049,Santa Fe,NM,0.9233,0.9233,2024-25,2 MMR
35051,Sierra,NM,0.9024,0.9024,2024-25,2 MMR
35053,Socorro,NM,0.8778,0.8778,2024-25,2 MMR
35055,Taos,NM,0.8944,0.8944,2024-25,2 MMR
35057,Torrance,NM,0.9091,0.9091,2024-25,2 MMR
35059,Union,NM,0.9063,0.9063,2024-25,2 MMR
35061,Valencia,NM,0.9514,0.9514,2024-25,2 MMR
32001,Churchill,NV,0.929,0.929,2024-25,2 MMR
32003,Clark,NV,0.906,0.906,2024-25,2 MMR
32005,Douglas,NV,0.875,0.875,2024-25,2 MMR
32007,Elko,NV,0.921,0.921,2024-25,2 MMR
32009,Esmeralda,NV,0.667,0.667,2024-25,2 MMR
32011,Eureka,NV,0.75,0.75,2024-25,2 MMR
32013,Humboldt,NV,0.848,0.848,2024-25,2 MMR
32015,Lander,NV,1,1,2024-25,2 MMR
32017,Lincoln,NV,0.696,0.696,2024-25,2 MMR
32019,Lyon,NV,0.917,0.917,2024-25,2 MMR
32021,Mineral,NV,0.973,0.973,2024-25,2 MMR
32023,Nye,NV,0.825,0.825,2024-25,2 MMR
32027,Pershing,NV,0.78,0.78,2024-25,2 MMR
32029,Storey,NV,0.966,0.966,2024-25,2 MMR
32031,Washoe,NV,0.855,0.855,2024-25,2 MMR
32033,White Pine,NV,0.854,0.854,2024-25,2 MMR
32510,Carson City,NV,0.955,0.955,2024-25,2 MMR
36001,Albany,NY,0.985144202,0.985144202,2024-25,2 MMR eqv.
36003,Allegany,NY,0.995199499,0.995199499,2024-25,2 MMR eqv.
36005,Bronx,NY,0.971303005,0.971303005,2024-25,2 MMR eqv.
36007,Broome,NY,0.997556971,0.997556971,2024-25,2 MMR eqv.
36009,Cattaraugus,NY,0.997177264,0.997177264,2024-25,2 MMR eqv.
36011,Cayuga,NY,0.994836971,0.994836971,2024-25,2 MMR eqv.
36013,Chautauqua,NY,0.991643575,0.991643575,2024-25,2 MMR eqv.
36015,Chemung,NY,0.997523633,0.997523633,2024-25,2 MMR eqv.
36017,Chenango,NY,0.998822159,0.998822159,2024-25,2 MMR eqv.
36019,Clinton,NY,0.998558131,0.998558131,2024-25,2 MMR eqv.
36021,Columbia,NY,0.992281204,0.992281204,2024-25,2 MMR eqv.
36023,Cortland,NY,0.99913159,0.99913159,2024-25,2 MMR eqv.
36025,Delaware,NY,0.998476765,0.998476765,2024-25,2 MMR eqv.
36027,Dutchess,NY,0.988996531,0.988996531,2024-25,2 MMR eqv.
36029,Erie,NY,0.978772607,0.978772607,2024-25,2 MMR eqv.
36031,Essex,NY,0.994341091,0.994341091,2024-25,2 MMR eqv.
36033,Franklin,NY,0.999504985,0.999504985,2024-25,2 MMR eqv.
36035,Fulton,NY,0.998032059,0.998032059,2024-25,2 MMR eqv.
36037,Genesee,NY,0.997660514,0.997660514,2024-25,2 MMR eqv.
36039,Greene,NY,0.998623609,0.998623609,2024-25,2 MMR eqv.
36041,Hamilton,NY,1,1,2024-25,2 MMR eqv.
36043,Herkimer,NY,0.997743775,0.997743775,2024-25,2 MMR eqv.
36045,Jefferson,NY,0.994304515,0.994304515,2024-25,2 MMR eqv.
36047,Kings,NY,0.976940499,0.976940499,2024-25,2 MMR eqv.
36049,Lewis,NY,0.996163658,0.996163658,2024-25,2 MMR eqv.
36051,Livingston,NY,0.998913489,0.998913489,2024-25,2 MMR eqv.
36053,Madison,NY,0.997110221,0.997110221,2024-25,2 MMR eqv.
36055,Monroe,NY,0.994257747,0.994257747,2024-25,2 MMR eqv.
36057,Montgomery,NY,0.994313504,0.994313504,2024-25,2 MMR eqv.
36059,Nassau,NY,0.986670581,0.986670581,2024-25,2 MMR eqv.
36061,New York,NY,0.988831838,0.988831838,2024-25,2 MMR eqv.
36063,Niagara,NY,0.980207944,0.980207944,2024-25,2 MMR eqv.
36065,Oneida,NY,0.976227591,0.976227591,2024-25,2 MMR eqv.
36067,Onondaga,NY,0.996162152,0.996162152,2024-25,2 MMR eqv.
36069,Ontario,NY,0.999203876,0.999203876,2024-25,2 MMR eqv.
36071,Orange,NY,0.969172839,0.969172839,2024-25,2 MMR eqv.
36073,Orleans,NY,0.998669683,0.998669683,2024-25,2 MMR eqv.
36075,Oswego,NY,0.999161242,0.999161242,2024-25,2 MMR eqv.
36077,Otsego,NY,0.998883241,0.998883241,2024-25,2 MMR eqv.
36079,Putnam,NY,0.997033415,0.997033415,2024-25,2 MMR eqv.
36081,Queens,NY,0.975836608,0.975836608,2024-25,2 MMR eqv.
36083,Rensselaer,NY,0.999149023,0.999149023,2024-25,2 MMR eqv.
36085,Richmond,NY,0.993020085,0.993020085,2024-25,2 MMR eqv.
36087,Rockland,NY,0.982818561,0.982818561,2024-25,2 MMR eqv.
36089,St Lawrence,NY,0.998705987,0.998705987,2024-25,2 MMR eqv.
36091,Saratoga,NY,0.998858863,0.998858863,2024-25,2 MMR eqv.
36093,Schenectady,NY,0.970369545,0.970369545,2024-25,2 MMR eqv.
36095,Schoharie,NY,0.999021073,0.999021073,2024-25,2 MMR eqv.
36097,Schuyler,NY,0.995266901,0.995266901,2024-25,2 MMR eqv.
36099,Seneca,NY,0.983611413,0.983611413,2024-25,2 MMR eqv.
36101,Steuben,NY,0.998200815,0.998200815,2024-25,2 MMR eqv.
36103,Suffolk,NY,0.996453355,0.996453355,2024-25,2 MMR eqv.
36105,Sullivan,NY,0.984604647,0.984604647,2024-25,2 MMR eqv.
36107,Tioga,NY,0.997923694,0.997923694,2024-25,2 MMR eqv.
36109,Tompkins,NY,0.998040898,0.998040898,2024-25,2 MMR eqv.
36111,Ulster,NY,0.997631694,0.997631694,2024-25,2 MMR eqv.
36113,Warren,NY,0.998389224,0.998389224,2024-25,2 MMR eqv.
36115,Washington,NY,0.998498723,0.998498723,2024-25,2 MMR eqv.
36117,Wayne,NY,0.998175381,0.998175381,2024-25,2 MMR eqv.
36119,Westchester,NY,0.993751589,0.993751589,2024-25,2 MMR eqv.
36121,Wyoming,NY,0.991894861,0.991894861,2024-25,2 MMR eqv.
36123,Yates,NY,1,1,2024-25,2 MMR eqv.
39001,Adams,OH,0.969,0.969,2024-25,2 MMR
39003,Allen,OH,0.857,0.857,2024-25,2 MMR
39005,Ashland,OH,0.897,0.897,2024-25,2 MMR
39007,Ashtabula,OH,0.935,0.935,2024-25,2 MMR
39009,Athens,OH,0.939,0.939,2024-25,2 MMR
39011,Auglaize,OH,0.835,0.835,2024-25,2 MMR
39013,Belmont,OH,0.932,0.932,2024-25,2 MMR
39015,Brown,OH,0.952,0.952,2024-25,2 MMR
39017,Butler,OH,0.921,0.921,2024-25,2 MMR
39019,Carroll,OH,0.901,0.901,2024-25,2 MMR
39021,Champaign,OH,0.917,0.917,2024-25,2 MMR
39023,Clark,OH,0.905,0.905,2024-25,2 MMR
39025,Clermont,OH,0.943,0.943,2024-25,2 MMR
39027,Clinton,OH,0.833,0.833,2024-25,2 MMR
39029,Columbiana,OH,0.888,0.888,2024-25,2 MMR
39031,Coshocton,OH,0.934,0.934,2024-25,2 MMR
39033,Crawford,OH,0.92,0.92,2024-25,2 MMR
39035,Cuyahoga,OH,0.864,0.864,2024-25,2 MMR
39037,Darke,OH,0.925,0.925,2024-25,2 MMR
39039,Defiance,OH,0.903,0.903,2024-25,2 MMR
39041,Delaware,OH,0.925,0.925,2024-25,2 MMR
39043,Erie,OH,0.835,0.835,2024-25,2 MMR
39045,Fairfield,OH,0.931,0.931,2024-25,2 MMR
39047,Fayette,OH,0.934,0.934,2024-25,2 MMR
39049,Franklin,OH,0.896,0.896,2024-25,2 MMR
39051,Fulton,OH,0.882,0.882,2024-25,2 MMR
39053,Gallia,OH,0.965,0.965,2024-25,2 MMR
39055,Geauga,OH,0.896,0.896,2024-25,2 MMR
39057,Greene,OH,0.909,0.909,2024-25,2 MMR
39059,Guernsey,OH,0.951,0.951,2024-25,2 MMR
39061,Hamilton,OH,0.771,0.771,2024-25,2 MMR
39063,Hancock,OH,0.864,0.864,2024-25,2 MMR
39065,Hardin,OH,0.889,0.889,2024-25,2 MMR
39067,Harrison,OH,,,2024-25,2 MMR
39069,Henry,OH,0.872,0.872,2024-25,2 MMR
39071,Highland,OH,0.942,0.942,2024-25,2 MMR
39073,Hocking,OH,0.915,0.915,2024-25,2 MMR
39075,Holmes,OH,0.593,0.593,2024-25,2 MMR
39077,Huron,OH,0.861,0.861,2024-25,2 MMR
39079,Jackson,OH,0.919,0.919,2024-25,2 MMR
39081,Jefferson,OH,0.927,0.927,2024-25,2 MMR
39083,Knox,OH,0.841,0.841,2024-25,2 MMR
39085,Lake,OH,0.895,0.895,2024-25,2 MMR
39087,Lawrence,OH,0.96,0.96,2024-25,2 MMR
39089,Licking,OH,0.906,0.906,2024-25,2 MMR
39091,Logan,OH,0.842,0.842,2024-25,2 MMR
39093,Lorain,OH,0.919,0.919,2024-25,2 MMR
39095,Lucas,OH,0.842,0.842,2024-25,2 MMR
39097,Madison,OH,0.938,0.938,2024-25,2 MMR
39099,Mahoning,OH,0.884,0.884,2024-25,2 MMR
39101,Marion,OH,0.931,0.931,2024-25,2 MMR
39103,Medina,OH,0.917,0.917,2024-25,2 MMR
39105,Meigs,OH,0.979,0.979,2024-25,2 MMR
39107,Mercer,OH,0.891,0.891,2024-25,2 MMR
39109,Miami,OH,0.892,0.892,2024-25,2 MMR
39111,Monroe,OH,0.975,0.975,2024-25,2 MMR
39113,Montgomery,OH,0.846,0.846,2024-25,2 MMR
39115,Morgan,OH,0.971,0.971,2024-25,2 MMR
39117,Morrow,OH,0.879,0.879,2024-25,2 MMR
39119,Muskingum,OH,0.972,0.972,2024-25,2 MMR
39121,Noble,OH,0.941,0.941,2024-25,2 MMR
39123,Ottawa,OH,0.87,0.87,2024-25,2 MMR
39125,Paulding,OH,0.895,0.895,2024-25,2 MMR
39127,Perry,OH,0.915,0.915,2024-25,2 MMR
39129,Pickaway,OH,0.937,0.937,2024-25,2 MMR
39131,Pike,OH,0.949,0.949,2024-25,2 MMR
39133,Portage,OH,0.897,0.897,2024-25,2 MMR
39135,Preble,OH,0.894,0.894,2024-25,2 MMR
39137,Putnam,OH,0.937,0.937,2024-25,2 MMR
39139,Richland,OH,0.852,0.852,2024-25,2 MMR
39141,Ross,OH,0.897,0.897,2024-25,2 MMR
39143,Sandusky,OH,0.864,0.864,2024-25,2 MMR
39145,Scioto,OH,0.971,0.971,2024-25,2 MMR
39147,Seneca,OH,0.857,0.857,2024-25,2 MMR
39149,Shelby,OH,0.776,0.776,2024-25,2 MMR
39151,Stark,OH,0.897,0.897,2024-25,2 MMR
39153,Summit,OH,0.86,0.86,2024-25,2 MMR
39155,Trumbull,OH,0.918,0.918,2024-25,2 MMR
39157,Tuscarawas,OH,0.925,0.925,2024-25,2 MMR
39159,Union,OH,0.89,0.89,2024-25,2 MMR
39161,Van Wert,OH,0.786,0.786,2024-25,2 MMR
39163,Vinton,OH,0.902,0.902,2024-25,2 MMR
39165,Warren,OH,0.918,0.918,2024-25,2 MMR
39167,Washington,OH,0.933,0.933,2024-25,2 MMR
39169,Wayne,OH,0.87,0.87,2024-25,2 MMR
39171,Williams,OH,0.878,0.878,2024-25,2 MMR
39173,Wood,OH,0.929,0.929,2024-25,2 MMR
39175,Wyandot,OH,0.941,0.941,2024-25,2 MMR
40001,Adair,OK,0.8638,0.8638,2024-25,2 MMR
40003,Alfalfa,OK,0.9,0.9,2024-25,2 MMR
40005,Atoka,OK,0.8633,0.8633,2024-25,2 MMR
40007,Beaver,OK,0.8519,0.8519,2024-25,2 MMR
40009,Beckham,OK,0.9331,0.9331,2024-25,2 MMR
40011,Blaine,OK,0.9286,0.9286,2024-25,2 MMR
40013,Bryan,OK,0.9126,0.9126,2024-25,2 MMR
40015,Caddo,OK,0.8093,0.8093,2024-25,2 MMR
40017,Canadian,OK,0.8681,0.8681,2024-25,2 MMR
40019,Carter,OK,0.8903,0.8903,2024-25,2 MMR
40021,Cherokee,OK,0.8854,0.8854,2024-25,2 MMR
40023,Choctaw,OK,0.8553,0.8553,2024-25,2 MMR
40025,Cimarron,OK,0.5,0.5,2024-25,2 MMR
40027,Cleveland,OK,0.9278,0.9278,2024-25,2 MMR
40029,Coal,OK,0.7143,0.7143,2024-25,2 MMR
40031,Comanche,OK,0.8545,0.8545,2024-25,2 MMR
40033,Cotton,OK,0.873,0.873,2024-25,2 MMR
40035,Craig,OK,0.8908,0.8908,2024-25,2 MMR
40037,Creek,OK,0.878,0.878,2024-25,2 MMR
40039,Custer,OK,0.9008,0.9008,2024-25,2 MMR
40041,Delaware,OK,0.914,0.914,2024-25,2 MMR
40043,Dewey,OK,0.5161,0.5161,2024-25,2 MMR
40045,Ellis,OK,0.8913,0.8913,2024-25,2 MMR
40047,Garfield,OK,0.9351,0.9351,2024-25,2 MMR
40049,Garvin,OK,0.8661,0.8661,2024-25,2 MMR
40051,Grady,OK,0.8885,0.8885,2024-25,2 MMR
40053,Grant,OK,0.9483,0.9483,2024-25,2 MMR
40055,Greer,OK,0.9804,0.9804,2024-25,2 MMR
40057,Harmon,OK,0.8889,0.8889,2024-25,2 MMR
40059,Harper,OK,0.963,0.963,2024-25,2 MMR
40061,Haskell,OK,0.9182,0.9182,2024-25,2 MMR
40063,Hughes,OK,0.8986,0.8986,2024-25,2 MMR
40065,Jackson,OK,0.9585,0.9585,2024-25,2 MMR
40067,Jefferson,OK,0.8462,0.8462,2024-25,2 MMR
40069,Johnston,OK,0.8919,0.8919,2024-25,2 MMR
40071,Kay,OK,0.9417,0.9417,2024-25,2 MMR
40073,Kingfisher,OK,0.8592,0.8592,2024-25,2 MMR
40075,Kiowa,OK,0.9277,0.9277,2024-25,2 MMR
40077,Latimer,OK,0.9487,0.9487,2024-25,2 MMR
40079,Le Flore,OK,0.9076,0.9076,2024-25,2 MMR
40081,Lincoln,OK,0.8301,0.8301,2024-25,2 MMR
40083,Logan,OK,0.8969,0.8969,2024-25,2 MMR
40085,Love,OK,0.6842,0.6842,2024-25,2 MMR
40087,McClain,OK,0.8845,0.8845,2024-25,2 MMR
40089,McCurtain,OK,0.8326,0.8326,2024-25,2 MMR
40091,McIntosh,OK,0.9213,0.9213,2024-25,2 MMR
40093,Major,OK,0.913,0.913,2024-25,2 MMR
40095,Marshall,OK,0.9161,0.9161,2024-25,2 MMR
40097,Mayes,OK,0.9002,0.9002,2024-25,2 MMR
40099,Murray,OK,0.7943,0.7943,2024-25,2 MMR
40101,Muskogee,OK,0.8816,0.8816,2024-25,2 MMR
40103,Noble,OK,0.9296,0.9296,2024-25,2 MMR
40105,Nowata,OK,0.8667,0.8667,2024-25,2 MMR
40107,Okfuskee,OK,0.8678,0.8678,2024-25,2 MMR
40109,Oklahoma,OK,0.865,0.865,2024-25,2 MMR
40111,Okmulgee,OK,0.9286,0.9286,2024-25,2 MMR
40113,Osage,OK,0.8452,0.8452,2024-25,2 MMR
40115,Ottawa,OK,0.8612,0.8612,2024-25,2 MMR
40117,Pawnee,OK,0.8742,0.8742,2024-25,2 MMR
40119,Payne,OK,0.8409,0.8409,2024-25,2 MMR
40121,Pittsburg,OK,0.8946,0.8946,2024-25,2 MMR
40123,Pontotoc,OK,0.9313,0.9313,2024-25,2 MMR
40125,Pottawatomie,OK,0.9097,0.9097,2024-25,2 MMR
40127,Pushmataha,OK,0.8169,0.8169,2024-25,2 MMR
40129,Roger Mills,OK,0.9286,0.9286,2024-25,2 MMR
40131,Rogers,OK,0.8755,0.8755,2024-25,2 MMR
40133,Seminole,OK,0.8199,0.8199,2024-25,2 MMR
40135,Sequoyah,OK,0.8521,0.8521,2024-25,2 MMR
40137,Stephens,OK,0.9123,0.9123,2024-25,2 MMR
40139,Texas,OK,0.9559,0.9559,2024-25,2 MMR
40141,Tillman,OK,0.8889,0.8889,2024-25,2 MMR
40143,Tulsa,OK,0.9058,0.9058,2024-25,2 MMR
40145,Wagoner,OK,0.8696,0.8696,2024-25,2 MMR
40147,Washington,OK,0.8876,0.8876,2024-25,2 MMR
40149,Washita,OK,0.8916,0.8916,2024-25,2 MMR
40151,Woods,OK,0.8505,0.8505,2024-25,2 MMR
40153,Woodward,OK,0.7798,0.7798,2024-25,2 MMR
41001,Baker,OR,0.819,0.819,2024-25,2 MMR
41003,Benton,OR,0.942,0.942,2024-25,2 MMR
41005,Clackamas,OR,0.899,0.899,2024-25,2 MMR
41007,Clatsop,OR,0.905,0.905,2024-25,2 MMR
41009,Columbia,OR,0.861,0.861,2024-25,2 MMR
41011,Coos,OR,0.915,0.915,2024-25,2 MMR
41013,Crook,OR,0.872,0.872,2024-25,2 MMR
41015,Curry,OR,0.878,0.878,2024-25,2 MMR
41017,Deschutes,OR,0.9,0.9,2024-25,2 MMR
41019,Douglas,OR,0.892,0.892,2024-25,2 MMR
41021,Gilliam,OR,0.923,0.923,2024-25,2 MMR
41023,Grant,OR,0.814,0.814,2024-25,2 MMR
41025,Harney,OR,0.899,0.899,2024-25,2 MMR
41027,Hood River,OR,0.911,0.911,2024-25,2 MMR
41029,Jackson,OR,0.853,0.853,2024-25,2 MMR
41031,Jefferson,OR,0.941,0.941,2024-25,2 MMR
41033,Josephine,OR,0.775,0.775,2024-25,2 MMR
41035,Klamath,OR,0.873,0.873,2024-25,2 MMR
41037,Lake,OR,0.795,0.795,2024-25,2 MMR
41039,Lane,OR,0.916,0.916,2024-25,2 MMR
41041,Lincoln,OR,0.932,0.932,2024-25,2 MMR
41043,Linn,OR,0.892,0.892,2024-25,2 MMR
41045,Malheur,OR,0.921,0.921,2024-25,2 MMR
41047,Marion,OR,0.916,0.916,2024-25,2 MMR
41049,Morrow,OR,0.933,0.933,2024-25,2 MMR
41051,Multnomah,OR,0.918,0.918,2024-25,2 MMR
41053,Polk,OR,0.9,0.9,2024-25,2 MMR
41055,Sherman,OR,0.911,0.911,2024-25,2 MMR
41057,Tillamook,OR,0.865,0.865,2024-25,2 MMR
41059,Umatilla,OR,0.935,0.935,2024-25,2 MMR
41061,Union,OR,0.906,0.906,2024-25,2 MMR
41063,Wallowa,OR,0.857,0.857,2024-25,2 MMR
41065,Wasco,OR,0.911,0.911,2024-25,2 MMR
41067,Washington,OR,0.947,0.947,2024-25,2 MMR
41069,Wheeler,OR,0.615,0.615,2024-25,2 MMR
41071,Yamhill,OR,0.889,0.889,2024-25,2 MMR
42001,Adams,PA,0.929,0.929,2024-25,2 MMR
42003,Allegheny,PA,0.941,0.941,2024-25,2 MMR
42005,Armstrong,PA,0.951,0.951,2024-25,2 MMR
42007,Beaver,PA,0.915,0.915,2024-25,2 MMR
42009,Bedford,PA,0.953,0.953,2024-25,2 MMR
42011,Berks,PA,0.945,0.945,2024-25,2 MMR
42013,Blair,PA,0.92,0.92,2024-25,2 MMR
42015,Bradford,PA,0.894,0.894,2024-25,2 MMR
42017,Bucks,PA,0.943,0.943,2024-25,2 MMR
42019,Butler,PA,0.943,0.943,2024-25,2 MMR
42021,Cambria,PA,0.954,0.954,2024-25,2 MMR
42023,Cameron,PA,0.806,0.806,2024-25,2 MMR
42025,Carbon,PA,0.955,0.955,2024-25,2 MMR
42027,Centre,PA,0.944,0.944,2024-25,2 MMR
42029,Chester,PA,0.945,0.945,2024-25,2 MMR
42031,Clarion,PA,0.943,0.943,2024-25,2 MMR
42033,Clearfield,PA,0.93,0.93,2024-25,2 MMR
42035,Clinton,PA,0.931,0.931,2024-25,2 MMR
42037,Columbia,PA,0.965,0.965,2024-25,2 MMR
42039,Crawford,PA,0.924,0.924,2024-25,2 MMR
42041,Cumberland,PA,0.951,0.951,2024-25,2 MMR
42043,Dauphin,PA,0.868,0.868,2024-25,2 MMR
42045,Delaware,PA,0.943,0.943,2024-25,2 MMR
42047,Elk,PA,0.948,0.948,2024-25,2 MMR
42049,Erie,PA,0.941,0.941,2024-25,2 MMR
42051,Fayette,PA,0.925,0.925,2024-25,2 MMR
42053,Forest,PA,1,1,2024-25,2 MMR
42055,Franklin,PA,0.933,0.933,2024-25,2 MMR
42057,Fulton,PA,0.879,0.879,2024-25,2 MMR
42059,Greene,PA,0.923,0.923,2024-25,2 MMR
42061,Huntingdon,PA,0.926,0.926,2024-25,2 MMR
42063,Indiana,PA,0.93,0.93,2024-25,2 MMR
42065,Jefferson,PA,0.937,0.937,2024-25,2 MMR
42067,Juniata,PA,0.934,0.934,2024-25,2 MMR
42069,Lackawanna,PA,0.967,0.967,2024-25,2 MMR
42071,Lancaster,PA,0.885,0.885,2024-25,2 MMR
42073,Lawrence,PA,0.942,0.942,2024-25,2 MMR
42075,Lebanon,PA,0.932,0.932,2024-25,2 MMR
42077,Lehigh,PA,0.956,0.956,2024-25,2 MMR
42079,Luzerne,PA,0.939,0.939,2024-25,2 MMR
42081,Lycoming,PA,0.952,0.952,2024-25,2 MMR
42083,McKean,PA,0.938,0.938,2024-25,2 MMR
42085,Mercer,PA,0.927,0.927,2024-25,2 MMR
42087,Mifflin,PA,0.923,0.923,2024-25,2 MMR
42089,Monroe,PA,0.878,0.878,2024-25,2 MMR
42091,Montgomery,PA,0.953,0.953,2024-25,2 MMR
42093,Montour,PA,0.974,0.974,2024-25,2 MMR
42095,Northampton,PA,0.949,0.949,2024-25,2 MMR
42097,Northumberland,PA,0.932,0.932,2024-25,2 MMR
42099,Perry,PA,0.919,0.919,2024-25,2 MMR
42101,Philadelphia,PA,0.947,0.947,2024-25,2 MMR
42103,Pike,PA,0.883,0.883,2024-25,2 MMR
42105,Potter,PA,0.926,0.926,2024-25,2 MMR
42107,Schuylkill,PA,0.954,0.954,2024-25,2 MMR
42109,Snyder,PA,0.881,0.881,2024-25,2 MMR
42111,Somerset,PA,0.923,0.923,2024-25,2 MMR
42113,Sullivan,PA,0.941,0.941,2024-25,2 MMR
42115,Susquehanna,PA,0.923,0.923,2024-25,2 MMR
42117,Tioga,PA,0.951,0.951,2024-25,2 MMR
42119,Union,PA,0.94,0.94,2024-25,2 MMR
42121,Venango,PA,0.941,0.941,2024-25,2 MMR
42123,Warren,PA,0.964,0.964,2024-25,2 MMR
42125,Washington,PA,0.956,0.956,2024-25,2 MMR
42127,Wayne,PA,0.875,0.875,2024-25,2 MMR
42129,Westmoreland,PA,0.921,0.921,2024-25,2 MMR
42131,Wyoming,PA,0.973,0.973,2024-25,2 MMR
42133,York,PA,0.936,0.936,2024-25,2 MMR
44001,Bristol,RI,0.968,0.968,2024-25,Full Series
44003,Kent,RI,0.965,0.965,2024-25,Full Series
44005,Newport,RI,0.94,0.94,2024-25,Full Series
44007,Providence,RI,0.95,0.95,2024-25,Full Series
44009,Washington,RI,0.939,0.939,2024-25,Full Series
45001,Abbeville,SC,0.942,0.942,2024-25,Full Series
45003,Aiken,SC,0.927,0.927,2024-25,Full Series
45005,Allendale,SC,0.98,0.98,2024-25,Full Series
45007,Anderson,SC,0.951,0.951,2024-25,Full Series
45009,Bamberg,SC,0.977,0.977,2024-25,Full Series
45011,Barnwell,SC,0.946,0.946,2024-25,Full Series
45013,Beaufort,SC,0.952,0.952,2024-25,Full Series
45015,Berkeley,SC,0.935,0.935,2024-25,Full Series
45017,Calhoun,SC,0.957,0.957,2024-25,Full Series
45019,Charleston,SC,0.92,0.92,2024-25,Full Series
45021,Cherokee,SC,0.932,0.932,2024-25,Full Series
45023,Chester,SC,0.965,0.965,2024-25,Full Series
45025,Chesterfield,SC,0.973,0.973,2024-25,Full Series
45027,Clarendon,SC,0.984,0.984,2024-25,Full Series
45029,Colleton,SC,0.966,0.966,2024-25,Full Series
45031,Darlington,SC,0.976,0.976,2024-25,Full Series
45033,Dillon,SC,0.984,0.984,2024-25,Full Series
45035,Dorchester,SC,0.951,0.951,2024-25,Full Series
45037,Edgefield,SC,0.962,0.962,2024-25,Full Series
45039,Fairfield,SC,0.894,0.894,2024-25,Full Series
45041,Florence,SC,0.969,0.969,2024-25,Full Series
45043,Georgetown,SC,0.958,0.958,2024-25,Full Series
45045,Greenville,SC,0.942,0.942,2024-25,Full Series
45047,Greenwood,SC,0.963,0.963,2024-25,Full Series
45049,Hampton,SC,0.981,0.981,2024-25,Full Series
45051,Horry,SC,0.908,0.908,2024-25,Full Series
45053,Jasper,SC,0.825,0.825,2024-25,Full Series
45055,Kershaw,SC,0.951,0.951,2024-25,Full Series
45057,Lancaster,SC,0.942,0.942,2024-25,Full Series
45059,Laurens,SC,0.96,0.96,2024-25,Full Series
45061,Lee,SC,0.96,0.96,2024-25,Full Series
45063,Lexington,SC,0.948,0.948,2024-25,Full Series
45065,McCormick,SC,0.964,0.964,2024-25,Full Series
45067,Marion,SC,0.986,0.986,2024-25,Full Series
45069,Marlboro,SC,0.963,0.963,2024-25,Full Series
45071,Newberry,SC,0.975,0.975,2024-25,Full Series
45073,Oconee,SC,0.943,0.943,2024-25,Full Series
45075,Orangeburg,SC,0.956,0.956,2024-25,Full Series
45077,Pickens,SC,0.945,0.945,2024-25,Full Series
45079,Richland,SC,0.913,0.913,2024-25,Full Series
45081,Saluda,SC,0.97,0.97,2024-25,Full Series
45083,Spartanburg,SC,0.9,0.9,2024-25,Full Series
45085,Sumter,SC,0.962,0.962,2024-25,Full Series
45087,Union,SC,0.964,0.964,2024-25,Full Series
45089,Williamsburg,SC,0.974,0.974,2024-25,Full Series
45091,York,SC,0.936,0.936,2024-25,Full Series
46003,Aurora,SD,0.89,0.89,2024-25,2 MMR
46005,Beadle,SD,0.88,0.88,2024-25,2 MMR
46007,Bennett,SD,0.78,0.78,2024-25,2 MMR
46009,Bon Homme,SD,0.86,0.86,2024-25,2 MMR
46011,Brookings,SD,0.9,0.9,2024-25,2 MMR
46013,Brown,SD,0.95,0.95,2024-25,2 MMR
46015,Brule,SD,0.82,0.82,2024-25,2 MMR
46017,Buffalo,SD,,,2024-25,2 MMR
46019,Butte,SD,0.97,0.97,2024-25,2 MMR
46021,Campbell,SD,0.93,0.93,2024-25,2 MMR
46023,Charles Mix,SD,0.81,0.81,2024-25,2 MMR
46025,Clark,SD,0.63,0.63,2024-25,2 MMR
46027,Clay,SD,0.93,0.93,2024-25,2 MMR
46029,Codington,SD,0.9,0.9,2024-25,2 MMR
46031,Corson,SD,0.87,0.87,2024-25,2 MMR
46033,Custer,SD,0.88,0.88,2024-25,2 MMR
46035,Davison,SD,0.93,0.93,2024-25,2 MMR
46037,Day,SD,0.99,0.99,2024-25,2 MMR
46039,Deuel,SD,0.89,0.89,2024-25,2 MMR
46041,Dewey,SD,0.94,0.94,2024-25,2 MMR
46043,Douglas,SD,0.72,0.72,2024-25,2 MMR
46045,Edmunds,SD,0.77,0.77,2024-25,2 MMR
46047,Fall River,SD,0.81,0.81,2024-25,2 MMR
46049,Faulk,SD,0.56,0.56,2024-25,2 MMR
46051,Grant,SD,0.91,0.91,2024-25,2 MMR
46053,Gregory,SD,0.87,0.87,2024-25,2 MMR
46055,Haakon,SD,0.9,0.9,2024-25,2 MMR
46057,Hamlin,SD,0.85,0.85,2024-25,2 MMR
46059,Hand,SD,0.83,0.83,2024-25,2 MMR
46061,Hanson,SD,0.77,0.77,2024-25,2 MMR
46063,Harding,SD,0.95,0.95,2024-25,2 MMR
46065,Hughes,SD,0.94,0.94,2024-25,2 MMR
46067,Hutchinson,SD,0.63,0.63,2024-25,2 MMR
46069,Hyde,SD,0.89,0.89,2024-25,2 MMR
46071,Jackson,SD,1,1,2024-25,2 MMR
46073,Jerauld,SD,0.74,0.74,2024-25,2 MMR
46075,Jones,SD,1,1,2024-25,2 MMR
46077,Kingsbury,SD,0.92,0.92,2024-25,2 MMR
46079,Lake,SD,0.83,0.83,2024-25,2 MMR
46081,Lawrence,SD,0.93,0.93,2024-25,2 MMR
46083,Lincoln,SD,0.93,0.93,2024-25,2 MMR
46085,Lyman,SD,0.98,0.98,2024-25,2 MMR
46087,McCook,SD,0.78,0.78,2024-25,2 MMR
46089,McPherson,SD,0.86,0.86,2024-25,2 MMR
46091,Marshall,SD,0.73,0.73,2024-25,2 MMR
46093,Meade,SD,0.9,0.9,2024-25,2 MMR
46095,Mellette,SD,0.94,0.94,2024-25,2 MMR
46097,Miner,SD,0.87,0.87,2024-25,2 MMR
46099,Minnehaha,SD,0.9,0.9,2024-25,2 MMR
46101,Moody,SD,0.89,0.89,2024-25,2 MMR
46102,Oglala Lakota,SD,0.88,0.88,2024-25,2 MMR
46103,Pennington,SD,0.92,0.92,2024-25,2 MMR
46105,Perkins,SD,0.96,0.96,2024-25,2 MMR
46107,Potter,SD,0.88,0.88,2024-25,2 MMR
46109,Roberts,SD,0.93,0.93,2024-25,2 MMR
46111,Sanborn,SD,0.76,0.76,2024-25,2 MMR
46115,Spink,SD,0.85,0.85,2024-25,2 MMR
46117,Stanley,SD,0.83,0.83,2024-25,2 MMR
46119,Sully,SD,0.83,0.83,2024-25,2 MMR
46121,Todd,SD,0.86,0.86,2024-25,2 MMR
46123,Tripp,SD,0.84,0.84,2024-25,2 MMR
46125,Turner,SD,0.86,0.86,2024-25,2 MMR
46127,Union,SD,0.94,0.94,2024-25,2 MMR
46129,Walworth,SD,0.91,0.91,2024-25,2 MMR
46135,Yankton,SD,0.97,0.97,2024-25,2 MMR
46137,Ziebach,SD,1,1,2024-25,2 MMR
47001,Anderson,TN,0.959,0.959,2024-25,2 MMR
47003,Bedford,TN,0.971,0.971,2024-25,2 MMR
47005,Benton,TN,0.946,0.946,2024-25,2 MMR
47007,Bledsoe,TN,0.944,0.944,2024-25,2 MMR
47009,Blount,TN,0.939,0.939,2024-25,2 MMR
47011,Bradley,TN,0.9,0.9,2024-25,2 MMR
47013,Campbell,TN,0.968,0.968,2024-25,2 MMR
47015,Cannon,TN,0.921,0.921,2024-25,2 MMR
47017,Carroll,TN,0.923,0.923,2024-25,2 MMR
47019,Carter,TN,0.946,0.946,2024-25,2 MMR
47021,Cheatham,TN,0.965,0.965,2024-25,2 MMR
47023,Chester,TN,0.92,0.92,2024-25,2 MMR
47025,Claiborne,TN,0.929,0.929,2024-25,2 MMR
47027,Clay,TN,0.937,0.937,2024-25,2 MMR
47029,Cocke,TN,0.945,0.945,2024-25,2 MMR
47031,Coffee,TN,0.956,0.956,2024-25,2 MMR
47033,Crockett,TN,0.984,0.984,2024-25,2 MMR
47035,Cumberland,TN,0.952,0.952,2024-25,2 MMR
47037,Davidson,TN,0.956,0.956,2024-25,2 MMR
47039,Decatur,TN,0.881,0.881,2024-25,2 MMR
47041,De Kalb,TN,0.925,0.925,2024-25,2 MMR
47043,Dickson,TN,0.964,0.964,2024-25,2 MMR
47045,Dyer,TN,0.968,0.968,2024-25,2 MMR
47047,Fayette,TN,0.938,0.938,2024-25,2 MMR
47049,Fentress,TN,0.895,0.895,2024-25,2 MMR
47051,Franklin,TN,0.952,0.952,2024-25,2 MMR
47053,Gibson,TN,0.925,0.925,2024-25,2 MMR
47055,Giles,TN,0.933,0.933,2024-25,2 MMR
47057,Grainger,TN,0.987,0.987,2024-25,2 MMR
47059,Greene,TN,0.955,0.955,2024-25,2 MMR
47061,Grundy,TN,0.809,0.809,2024-25,2 MMR
47063,Hamblen,TN,0.925,0.925,2024-25,2 MMR
47065,Hamilton,TN,0.92,0.92,2024-25,2 MMR
47067,Hancock,TN,0.797,0.797,2024-25,2 MMR
47069,Hardeman,TN,0.991,0.991,2024-25,2 MMR
47071,Hardin,TN,0.949,0.949,2024-25,2 MMR
47073,Hawkins,TN,0.956,0.956,2024-25,2 MMR
47075,Haywood,TN,0.955,0.955,2024-25,2 MMR
47077,Henderson,TN,0.93,0.93,2024-25,2 MMR
47079,Henry,TN,0.94,0.94,2024-25,2 MMR
47081,Hickman,TN,0.958,0.958,2024-25,2 MMR
47083,Houston,TN,0.977,0.977,2024-25,2 MMR
47085,Humphreys,TN,0.94,0.94,2024-25,2 MMR
47087,Jackson,TN,0.908,0.908,2024-25,2 MMR
47089,Jefferson,TN,0.952,0.952,2024-25,2 MMR
47091,Johnson,TN,0.884,0.884,2024-25,2 MMR
47093,Knox,TN,0.942,0.942,2024-25,2 MMR
47095,Lake,TN,0.922,0.922,2024-25,2 MMR
47097,Lauderdale,TN,,,2024-25,2 MMR
47099,Lawrence,TN,0.914,0.914,2024-25,2 MMR
47101,Lewis,TN,0.872,0.872,2024-25,2 MMR
47103,Lincoln,TN,0.925,0.925,2024-25,2 MMR
47105,Loudon,TN,0.931,0.931,2024-25,2 MMR
47107,McMinn,TN,0.932,0.932,2024-25,2 MMR
47109,McNairy,TN,0.925,0.925,2024-25,2 MMR
47111,Macon,TN,0.983,0.983,2024-25,2 MMR
47113,Madison,TN,0.957,0.957,2024-25,2 MMR
47115,Marion,TN,0.953,0.953,2024-25,2 MMR
47117,Marshall,TN,0.918,0.918,2024-25,2 MMR
47119,Maury,TN,0.892,0.892,2024-25,2 MMR
47121,Meigs,TN,0.94,0.94,2024-25,2 MMR
47123,Monroe,TN,0.952,0.952,2024-25,2 MMR
47125,Montgomery,TN,0.948,0.948,2024-25,2 MMR
47127,Moore,TN,0.917,0.917,2024-25,2 MMR
47129,Morgan,TN,0.971,0.971,2024-25,2 MMR
47131,Obion,TN,0.954,0.954,2024-25,2 MMR
47133,Overton,TN,0.944,0.944,2024-25,2 MMR
47135,Perry,TN,0.956,0.956,2024-25,2 MMR
47137,Pickett,TN,,,2024-25,2 MMR
47139,Polk,TN,0.919,0.919,2024-25,2 MMR
47141,Putnam,TN,0.927,0.927,2024-25,2 MMR
47143,Rhea,TN,0.957,0.957,2024-25,2 MMR
47145,Roane,TN,0.966,0.966,2024-25,2 MMR
47147,Robertson,TN,0.961,0.961,2024-25,2 MMR
47149,Rutherford,TN,0.962,0.962,2024-25,2 MMR
47151,Scott,TN,0.973,0.973,2024-25,2 MMR
47153,Sequatchie,TN,0.979,0.979,2024-25,2 MMR
47155,Sevier,TN,0.968,0.968,2024-25,2 MMR
47157,Shelby,TN,0.946,0.946,2024-25,2 MMR
47159,Smith,TN,0.933,0.933,2024-25,2 MMR
47161,Stewart,TN,0.925,0.925,2024-25,2 MMR
47163,Sullivan,TN,0.949,0.949,2024-25,2 MMR
47165,Sumner,TN,0.931,0.931,2024-25,2 MMR
47167,Tipton,TN,0.953,0.953,2024-25,2 MMR
47169,Trousdale,TN,0.961,0.961,2024-25,2 MMR
47171,Unicoi,TN,0.987,0.987,2024-25,2 MMR
47173,Union,TN,0.938,0.938,2024-25,2 MMR
47175,Van Buren,TN,0.943,0.943,2024-25,2 MMR
47177,Warren,TN,0.906,0.906,2024-25,2 MMR
47179,Washington,TN,0.941,0.941,2024-25,2 MMR
47181,Wayne,TN,0.928,0.928,2024-25,2 MMR
47183,Weakley,TN,0.963,0.963,2024-25,2 MMR
47185,White,TN,0.89,0.89,2024-25,2 MMR
47187,Williamson,TN,0.912,0.912,2024-25,2 MMR
47189,Wilson,TN,0.934,0.934,2024-25,2 MMR
48001,Anderson,TX,0.947858,0.947858,2024-25,2 MMR
48003,Andrews,TX,0.954704,0.954704,2024-25,2 MMR
48005,Angelina,TX,0.938662,0.938662,2024-25,2 MMR
48007,Aransas,TX,0.972678,0.972678,2024-25,2 MMR
48009,Archer,TX,0.94964,0.94964,2024-25,2 MMR
48011,Armstrong,TX,0.923077,0.923077,2024-25,2 MMR
48013,Atascosa,TX,0.96142,0.96142,2024-25,2 MMR
48015,Austin,TX,0.947761,0.947761,2024-25,2 MMR
48017,Bailey,TX,0.962617,0.962617,2024-25,2 MMR
48019,Bandera,TX,0.934783,0.934783,2024-25,2 MMR
48021,Bastrop,TX,0.95461,0.95461,2024-25,2 MMR
48023,Baylor,TX,0.975,0.975,2024-25,2 MMR
48025,Bee,TX,0.96732,0.96732,2024-25,2 MMR
48027,Bell,TX,0.951261,0.951261,2024-25,2 MMR
48029,Bexar,TX,0.947451,0.947451,2024-25,2 MMR
48031,Blanco,TX,0.860465,0.860465,2024-25,2 MMR
48033,Borden,TX,0.882353,0.882353,2024-25,2 MMR
48035,Bosque,TX,0.92973,0.92973,2024-25,2 MMR
48037,Bowie,TX,0.925647,0.925647,2024-25,2 MMR
48039,Brazoria,TX,0.962127,0.962127,2024-25,2 MMR
48041,Brazos,TX,0.979899,0.979899,2024-25,2 MMR
48043,Brewster,TX,0.839506,0.839506,2024-25,2 MMR
48045,Briscoe,TX,1,1,2024-25,2 MMR
48047,Brooks,TX,1,1,2024-25,2 MMR
48049,Brown,TX,0.96,0.96,2024-25,2 MMR
48051,Burleson,TX,0.961905,0.961905,2024-25,2 MMR
48053,Burnet,TX,0.881002,0.881002,2024-25,2 MMR
48055,Caldwell,TX,0.972477,0.972477,2024-25,2 MMR
48057,Calhoun,TX,0.971888,0.971888,2024-25,2 MMR
48059,Callahan,TX,0.914634,0.914634,2024-25,2 MMR
48061,Cameron,TX,0.981665,0.981665,2024-25,2 MMR
48063,Camp,TX,0.931973,0.931973,2024-25,2 MMR
48065,Carson,TX,0.91954,0.91954,2024-25,2 MMR
48067,Cass,TX,0.956012,0.956012,2024-25,2 MMR
48069,Castro,TX,0.963303,0.963303,2024-25,2 MMR
48071,Chambers,TX,0.9388,0.9388,2024-25,2 MMR
48073,Cherokee,TX,0.977901,0.977901,2024-25,2 MMR
48075,Childress,TX,0.84127,0.84127,2024-25,2 MMR
48077,Clay,TX,0.891892,0.891892,2024-25,2 MMR
48079,Cochran,TX,0.926829,0.926829,2024-25,2 MMR
48081,Coke,TX,0.911765,0.911765,2024-25,2 MMR
48083,Coleman,TX,0.942857,0.942857,2024-25,2 MMR
48085,Collin,TX,0.930423,0.930423,2024-25,2 MMR
48087,Collingsworth,TX,0.878049,0.878049,2024-25,2 MMR
48089,Colorado,TX,0.974545,0.974545,2024-25,2 MMR
48091,Comal,TX,0.916326,0.916326,2024-25,2 MMR
48093,Comanche,TX,0.969512,0.969512,2024-25,2 MMR
48095,Concho,TX,1,1,2024-25,2 MMR
48097,Cooke,TX,0.915464,0.915464,2024-25,2 MMR
48099,Coryell,TX,0.942966,0.942966,2024-25,2 MMR
48101,Cottle,TX,1,1,2024-25,2 MMR
48103,Crane,TX,0.976744,0.976744,2024-25,2 MMR
48105,Crockett,TX,1,1,2024-25,2 MMR
48107,Crosby,TX,0.958333,0.958333,2024-25,2 MMR
48109,Culberson,TX,1,1,2024-25,2 MMR
48111,Dallam,TX,0.965909,0.965909,2024-25,2 MMR
48113,Dallas,TX,0.90148,0.90148,2024-25,2 MMR
48115,Dawson,TX,0.875,0.875,2024-25,2 MMR
48117,Deaf Smith,TX,0.993333,0.993333,2024-25,2 MMR
48119,Delta,TX,0.942857,0.942857,2024-25,2 MMR
48121,Denton,TX,0.917152,0.917152,2024-25,2 MMR
48123,DeWitt,TX,0.951872,0.951872,2024-25,2 MMR
48125,Dickens,TX,0.888889,0.888889,2024-25,2 MMR
48127,Dimmit,TX,0.992,0.992,2024-25,2 MMR
48129,Donley,TX,0.909091,0.909091,2024-25,2 MMR
48131,Duval,TX,0.967742,0.967742,2024-25,2 MMR
48133,Eastland,TX,0.903226,0.903226,2024-25,2 MMR
48135,Ector,TX,0.936454,0.936454,2024-25,2 MMR
48137,Edwards,TX,0.933333,0.933333,2024-25,2 MMR
48139,Ellis,TX,0.930262,0.930262,2024-25,2 MMR
48141,El Paso,TX,0.977753,0.977753,2024-25,2 MMR
48143,Erath,TX,0.949425,0.949425,2024-25,2 MMR
48145,Falls,TX,0.955056,0.955056,2024-25,2 MMR
48147,Fannin,TX,0.917379,0.917379,2024-25,2 MMR
48149,Fayette,TX,0.957806,0.957806,2024-25,2 MMR
48151,Fisher,TX,0.926829,0.926829,2024-25,2 MMR
48153,Floyd,TX,0.96875,0.96875,2024-25,2 MMR
48155,Foard,TX,1,1,2024-25,2 MMR
48157,Fort Bend,TX,0.952298,0.952298,2024-25,2 MMR
48159,Franklin,TX,0.940678,0.940678,2024-25,2 MMR
48161,Freestone,TX,0.946429,0.946429,2024-25,2 MMR
48163,Frio,TX,0.983333,0.983333,2024-25,2 MMR
48165,Gaines,TX,0.772563,0.772563,2024-25,2 MMR
48167,Galveston,TX,0.940071,0.940071,2024-25,2 MMR
48169,Garza,TX,0.864865,0.864865,2024-25,2 MMR
48171,Gillespie,TX,0.911765,0.911765,2024-25,2 MMR
48173,Glasscock,TX,1,1,2024-25,2 MMR
48175,Goliad,TX,0.967213,0.967213,2024-25,2 MMR
48177,Gonzales,TX,0.975207,0.975207,2024-25,2 MMR
48179,Gray,TX,0.971698,0.971698,2024-25,2 MMR
48181,Grayson,TX,0.931014,0.931014,2024-25,2 MMR
48183,Gregg,TX,0.952659,0.952659,2024-25,2 MMR
48185,Grimes,TX,0.933333,0.933333,2024-25,2 MMR
48187,Guadalupe,TX,0.959032,0.959032,2024-25,2 MMR
48189,Hale,TX,0.97619,0.97619,2024-25,2 MMR
48191,Hall,TX,0.777778,0.777778,2024-25,2 MMR
48193,Hamilton,TX,0.895833,0.895833,2024-25,2 MMR
48195,Hansford,TX,0.963415,0.963415,2024-25,2 MMR
48197,Hardeman,TX,0.972222,0.972222,2024-25,2 MMR
48199,Hardin,TX,0.918546,0.918546,2024-25,2 MMR
48201,Harris,TX,0.909543,0.909543,2024-25,2 MMR
48203,Harrison,TX,0.929988,0.929988,2024-25,2 MMR
48205,Hartley,TX,0.766667,0.766667,2024-25,2 MMR
48207,Haskell,TX,0.9375,0.9375,2024-25,2 MMR
48209,Hays,TX,0.946269,0.946269,2024-25,2 MMR
48211,Hemphill,TX,0.958333,0.958333,2024-25,2 MMR
48213,Henderson,TX,0.927676,0.927676,2024-25,2 MMR
48215,Hidalgo,TX,0.968848,0.968848,2024-25,2 MMR
48217,Hill,TX,0.892857,0.892857,2024-25,2 MMR
48219,Hockley,TX,0.945338,0.945338,2024-25,2 MMR
48221,Hood,TX,0.914063,0.914063,2024-25,2 MMR
48223,Hopkins,TX,0.967672,0.967672,2024-25,2 MMR
48225,Houston,TX,0.923858,0.923858,2024-25,2 MMR
48227,Howard,TX,0.953964,0.953964,2024-25,2 MMR
48229,Hudspeth,TX,0.9375,0.9375,2024-25,2 MMR
48231,Hunt,TX,0.934137,0.934137,2024-25,2 MMR
48233,Hutchinson,TX,0.952381,0.952381,2024-25,2 MMR
48235,Irion,TX,0.652174,0.652174,2024-25,2 MMR
48237,Jack,TX,0.835294,0.835294,2024-25,2 MMR
48239,Jackson,TX,0.953307,0.953307,2024-25,2 MMR
48241,Jasper,TX,0.905914,0.905914,2024-25,2 MMR
48243,Jeff Davis,TX,0.875,0.875,2024-25,2 MMR
48245,Jefferson,TX,0.95067,0.95067,2024-25,2 MMR
48247,Jim Hogg,TX,0.943396,0.943396,2024-25,2 MMR
48249,Jim Wells,TX,0.968553,0.968553,2024-25,2 MMR
48251,Johnson,TX,0.927747,0.927747,2024-25,2 MMR
48253,Jones,TX,0.966102,0.966102,2024-25,2 MMR
48255,Karnes,TX,0.981366,0.981366,2024-25,2 MMR
48257,Kaufman,TX,0.944037,0.944037,2024-25,2 MMR
48259,Kendall,TX,0.912237,0.912237,2024-25,2 MMR
48261,Kenedy,TX,0.923077,0.923077,2024-25,2 MMR
48263,Kent,TX,1,1,2024-25,2 MMR
48265,Kerr,TX,0.929032,0.929032,2024-25,2 MMR
48267,Kimble,TX,0.930233,0.930233,2024-25,2 MMR
48269,King,TX,1,1,2024-25,2 MMR
48271,Kinney,TX,0.90625,0.90625,2024-25,2 MMR
48273,Kleberg,TX,0.961538,0.961538,2024-25,2 MMR
48275,Knox,TX,0.92,0.92,2024-25,2 MMR
48277,Lamar,TX,0.942529,0.942529,2024-25,2 MMR
48279,Lamb,TX,0.925466,0.925466,2024-25,2 MMR
48281,Lampasas,TX,0.956175,0.956175,2024-25,2 MMR
48283,La Salle,TX,0.971014,0.971014,2024-25,2 MMR
48285,Lavaca,TX,0.95389,0.95389,2024-25,2 MMR
48287,Lee,TX,0.94686,0.94686,2024-25,2 MMR
48289,Leon,TX,0.951923,0.951923,2024-25,2 MMR
48291,Liberty,TX,0.966112,0.966112,2024-25,2 MMR
48293,Limestone,TX,0.921569,0.921569,2024-25,2 MMR
48295,Lipscomb,TX,0.72093,0.72093,2024-25,2 MMR
48297,Live Oak,TX,0.984962,0.984962,2024-25,2 MMR
48299,Llano,TX,0.895522,0.895522,2024-25,2 MMR
48301,Loving,TX,,,2024-25,2 MMR
48303,Lubbock,TX,0.913411,0.913411,2024-25,2 MMR
48305,Lynn,TX,0.913043,0.913043,2024-25,2 MMR
48307,McCulloch,TX,0.939759,0.939759,2024-25,2 MMR
48309,McLennan,TX,0.952818,0.952818,2024-25,2 MMR
48311,McMullen,TX,0.9375,0.9375,2024-25,2 MMR
48313,Madison,TX,0.965714,0.965714,2024-25,2 MMR
48315,Marion,TX,0.985915,0.985915,2024-25,2 MMR
48317,Martin,TX,0.929577,0.929577,2024-25,2 MMR
48319,Mason,TX,0.923077,0.923077,2024-25,2 MMR
48321,Matagorda,TX,0.969697,0.969697,2024-25,2 MMR
48323,Maverick,TX,0.939425,0.939425,2024-25,2 MMR
48325,Medina,TX,0.966535,0.966535,2024-25,2 MMR
48327,Menard,TX,1,1,2024-25,2 MMR
48329,Midland,TX,0.944486,0.944486,2024-25,2 MMR
48331,Milam,TX,0.931271,0.931271,2024-25,2 MMR
48333,Mills,TX,1,1,2024-25,2 MMR
48335,Mitchell,TX,0.84,0.84,2024-25,2 MMR
48337,Montague,TX,0.87,0.87,2024-25,2 MMR
48339,Montgomery,TX,0.926693,0.926693,2024-25,2 MMR
48341,Moore,TX,0.965699,0.965699,2024-25,2 MMR
48343,Morris,TX,0.96748,0.96748,2024-25,2 MMR
48345,Motley,TX,1,1,2024-25,2 MMR
48347,Nacogdoches,TX,0.946475,0.946475,2024-25,2 MMR
48349,Navarro,TX,0.962585,0.962585,2024-25,2 MMR
48351,Newton,TX,0.929204,0.929204,2024-25,2 MMR
48353,Nolan,TX,0.972222,0.972222,2024-25,2 MMR
48355,Nueces,TX,0.965746,0.965746,2024-25,2 MMR
48357,Ochiltree,TX,0.979167,0.979167,2024-25,2 MMR
48359,Oldham,TX,0.842105,0.842105,2024-25,2 MMR
48361,Orange,TX,0.915966,0.915966,2024-25,2 MMR
48363,Palo Pinto,TX,0.927673,0.927673,2024-25,2 MMR
48365,Panola,TX,0.93617,0.93617,2024-25,2 MMR
48367,Parker,TX,0.898144,0.898144,2024-25,2 MMR
48369,Parmer,TX,0.972414,0.972414,2024-25,2 MMR
48371,Pecos,TX,0.799699,0.799699,2024-25,2 MMR
48373,Polk,TX,0.939638,0.939638,2024-25,2 MMR
48375,Potter,TX,0.959596,0.959596,2024-25,2 MMR
48377,Presidio,TX,1,1,2024-25,2 MMR
48379,Rains,TX,0.967742,0.967742,2024-25,2 MMR
48381,Randall,TX,0.92928,0.92928,2024-25,2 MMR
48383,Reagan,TX,0.984615,0.984615,2024-25,2 MMR
48385,Real,TX,0.944444,0.944444,2024-25,2 MMR
48387,Red River,TX,0.966102,0.966102,2024-25,2 MMR
48389,Reeves,TX,0.986047,0.986047,2024-25,2 MMR
48391,Refugio,TX,0.967742,0.967742,2024-25,2 MMR
48393,Roberts,TX,1,1,2024-25,2 MMR
48395,Robertson,TX,0.968182,0.968182,2024-25,2 MMR
48397,Rockwall,TX,0.909091,0.909091,2024-25,2 MMR
48399,Runnels,TX,0.981013,0.981013,2024-25,2 MMR
48401,Rusk,TX,0.918182,0.918182,2024-25,2 MMR
48403,Sabine,TX,0.893939,0.893939,2024-25,2 MMR
48405,San Augustine,TX,0.898551,0.898551,2024-25,2 MMR
48407,San Jacinto,TX,0.96,0.96,2024-25,2 MMR
48409,San Patricio,TX,0.971429,0.971429,2024-25,2 MMR
48411,San Saba,TX,0.923077,0.923077,2024-25,2 MMR
48413,Schleicher,TX,1,1,2024-25,2 MMR
48415,Scurry,TX,0.972527,0.972527,2024-25,2 MMR
48417,Shackelford,TX,0.902439,0.902439,2024-25,2 MMR
48419,Shelby,TX,0.938053,0.938053,2024-25,2 MMR
48421,Sherman,TX,0.925926,0.925926,2024-25,2 MMR
48423,Smith,TX,0.929083,0.929083,2024-25,2 MMR
48425,Somervell,TX,0.895105,0.895105,2024-25,2 MMR
48427,Starr,TX,0.945777,0.945777,2024-25,2 MMR
48429,Stephens,TX,0.918367,0.918367,2024-25,2 MMR
48431,Sterling,TX,1,1,2024-25,2 MMR
48433,Stonewall,TX,1,1,2024-25,2 MMR
48435,Sutton,TX,0.944444,0.944444,2024-25,2 MMR
48437,Swisher,TX,0.940476,0.940476,2024-25,2 MMR
48439,Tarrant,TX,0.936354,0.936354,2024-25,2 MMR
48441,Taylor,TX,0.96213,0.96213,2024-25,2 MMR
48443,Terrell,TX,1,1,2024-25,2 MMR
48445,Terry,TX,0.930769,0.930769,2024-25,2 MMR
48447,Throckmorton,TX,0.928571,0.928571,2024-25,2 MMR
48449,Titus,TX,0.978678,0.978678,2024-25,2 MMR
48451,Tom Green,TX,0.958136,0.958136,2024-25,2 MMR
48453,Travis,TX,0.867026,0.867026,2024-25,2 MMR
48455,Trinity,TX,0.916667,0.916667,2024-25,2 MMR
48457,Tyler,TX,0.90566,0.90566,2024-25,2 MMR
48459,Upshur,TX,0.896907,0.896907,2024-25,2 MMR
48461,Upton,TX,0.981481,0.981481,2024-25,2 MMR
48463,Uvalde,TX,0.942257,0.942257,2024-25,2 MMR
48465,Val Verde,TX,0.910334,0.910334,2024-25,2 MMR
48467,Van Zandt,TX,0.92068,0.92068,2024-25,2 MMR
48469,Victoria,TX,0.97942,0.97942,2024-25,2 MMR
48471,Walker,TX,0.9399,0.9399,2024-25,2 MMR
48473,Waller,TX,0.957949,0.957949,2024-25,2 MMR
48475,Ward,TX,0.933735,0.933735,2024-25,2 MMR
48477,Washington,TX,0.953333,0.953333,2024-25,2 MMR
48479,Webb,TX,0.994189,0.994189,2024-25,2 MMR
48481,Wharton,TX,0.984293,0.984293,2024-25,2 MMR
48483,Wheeler,TX,0.945455,0.945455,2024-25,2 MMR
48485,Wichita,TX,0.961702,0.961702,2024-25,2 MMR
48487,Wilbarger,TX,0.97931,0.97931,2024-25,2 MMR
48489,Willacy,TX,0.973451,0.973451,2024-25,2 MMR
48491,Williamson,TX,0.930762,0.930762,2024-25,2 MMR
48493,Wilson,TX,0.934921,0.934921,2024-25,2 MMR
48495,Winkler,TX,0.991803,0.991803,2024-25,2 MMR
48497,Wise,TX,0.906791,0.906791,2024-25,2 MMR
48499,Wood,TX,0.925581,0.925581,2024-25,2 MMR
48501,Yoakum,TX,0.946154,0.946154,2024-25,2 MMR
48503,Young,TX,0.909548,0.909548,2024-25,2 MMR
48505,Zapata,TX,0.984293,0.984293,2024-25,2 MMR
48507,Zavala,TX,1,1,2024-25,2 MMR
49001,Beaver,UT,,,2024-25,2 MMR
49003,Box Elder,UT,0.901408,0.901408,2024-25,2 MMR
49005,Cache,UT,0.931456,0.931456,2024-25,2 MMR
49007,Carbon,UT,0.875486,0.875486,2024-25,2 MMR
49009,Daggett,UT,,,2024-25,2 MMR
49011,Davis,UT,0.922021,0.922021,2024-25,2 MMR
49013,Duchesne,UT,0.895317,0.895317,2024-25,2 MMR
49015,Emery,UT,0.9,0.9,2024-25,2 MMR
49017,Garfield,UT,,,2024-25,2 MMR
49019,Grand,UT,,,2024-25,2 MMR
49021,Iron,UT,0.824029,0.824029,2024-25,2 MMR
49023,Juab,UT,0.783784,0.783784,2024-25,2 MMR
49025,Kane,UT,0.831683,0.831683,2024-25,2 MMR
49027,Millard,UT,0.91623,0.91623,2024-25,2 MMR
49029,Morgan,UT,0.867816,0.867816,2024-25,2 MMR
49031,Piute,UT,,,2024-25,2 MMR
49033,Rich,UT,,,2024-25,2 MMR
49035,Salt Lake,UT,0.925512,0.925512,2024-25,2 MMR
49037,San Juan,UT,0.885135,0.885135,2024-25,2 MMR
49039,Sanpete,UT,0.881443,0.881443,2024-25,2 MMR
49041,Sevier,UT,0.851351,0.851351,2024-25,2 MMR
49043,Summit,UT,0.892788,0.892788,2024-25,2 MMR
49045,Tooele,UT,0.932956,0.932956,2024-25,2 MMR
49047,Uintah,UT,0.881974,0.881974,2024-25,2 MMR
49049,Utah,UT,0.881637,0.881637,2024-25,2 MMR
49051,Wasatch,UT,0.88785,0.88785,2024-25,2 MMR
49053,Washington,UT,0.791591,0.791591,2024-25,2 MMR
49055,Wayne,UT,,,2024-25,2 MMR
49057,Weber,UT,0.919953,0.919953,2024-25,2 MMR
51001,Accomack,VA,0.786,0.786,2024-25,Full Series
51003,Albemarle,VA,0.893,0.893,2024-25,Full Series
51005,Alleghany,VA,0.878,0.878,2024-25,Full Series
51007,Amelia,VA,0.886,0.886,2024-25,Full Series
51009,Amherst,VA,0.816,0.816,2024-25,Full Series
51011,Appomattox,VA,0.93,0.93,2024-25,Full Series
51013,Arlington,VA,0.922,0.922,2024-25,Full Series
51015,Augusta,VA,0.931,0.931,2024-25,Full Series
51017,Bath,VA,0.896,0.896,2024-25,Full Series
51019,Bedford,VA,0.897,0.897,2024-25,Full Series
51021,Bland,VA,0.898,0.898,2024-25,Full Series
51023,Botetourt,VA,0.928,0.928,2024-25,Full Series
51025,Brunswick,VA,0.929,0.929,2024-25,Full Series
51027,Buchanan,VA,0.982,0.982,2024-25,Full Series
51029,Buckingham,VA,0.979,0.979,2024-25,Full Series
51031,Campbell,VA,0.89,0.89,2024-25,Full Series
51033,Caroline,VA,0.893,0.893,2024-25,Full Series
51035,Carroll,VA,0.94,0.94,2024-25,Full Series
51036,Charles City,VA,0.645,0.645,2024-25,Full Series
51037,Charlotte,VA,0.764,0.764,2024-25,Full Series
51041,Chesterfield,VA,0.866,0.866,2024-25,Full Series
51043,Clarke,VA,0.923,0.923,2024-25,Full Series
51045,Craig,VA,1,1,2024-25,Full Series
51047,Culpeper,VA,0.947,0.947,2024-25,Full Series
51049,Cumberland,VA,0.981,0.981,2024-25,Full Series
51051,Dickenson,VA,0.991,0.991,2024-25,Full Series
51053,Dinwiddie,VA,0.886,0.886,2024-25,Full Series
51057,Essex,VA,0.87,0.87,2024-25,Full Series
51059,Fairfax County,VA,0.91,0.91,2024-25,Full Series
51061,Fauquier,VA,0.922,0.922,2024-25,Full Series
51063,Floyd,VA,0.873,0.873,2024-25,Full Series
51065,Fluvanna,VA,,,2024-25,Full Series
51067,Franklin County,VA,0.902,0.902,2024-25,Full Series
51069,Frederick,VA,0.911,0.911,2024-25,Full Series
51071,Giles,VA,0.876,0.876,2024-25,Full Series
51073,Gloucester,VA,0.782,0.782,2024-25,Full Series
51075,Goochland,VA,0.97,0.97,2024-25,Full Series
51077,Grayson,VA,0.959,0.959,2024-25,Full Series
51079,Greene,VA,0.889,0.889,2024-25,Full Series
51081,Greensville,VA,0.985,0.985,2024-25,Full Series
51083,Halifax,VA,0.809,0.809,2024-25,Full Series
51085,Hanover,VA,0.949,0.949,2024-25,Full Series
51087,Henrico,VA,0.927,0.927,2024-25,Full Series
51089,Henry,VA,0.918,0.918,2024-25,Full Series
51091,Highland,VA,1,1,2024-25,Full Series
51093,Isle of Wight,VA,0.802,0.802,2024-25,Full Series
51095,James City,VA,0.861,0.861,2024-25,Full Series
51097,King and Queen,VA,0.907,0.907,2024-25,Full Series
51099,King George,VA,0.898,0.898,2024-25,Full Series
51101,King William,VA,0.915,0.915,2024-25,Full Series
51103,Lancaster,VA,0.903,0.903,2024-25,Full Series
51105,Lee,VA,0.954,0.954,2024-25,Full Series
51107,Loudoun,VA,0.941,0.941,2024-25,Full Series
51109,Louisa,VA,0.908,0.908,2024-25,Full Series
51111,Lunenburg,VA,0.931,0.931,2024-25,Full Series
51113,Madison,VA,0.888,0.888,2024-25,Full Series
51115,Mathews,VA,0.978,0.978,2024-25,Full Series
51117,Mecklenburg,VA,0.911,0.911,2024-25,Full Series
51119,Middlesex,VA,0.968,0.968,2024-25,Full Series
51121,Montgomery,VA,0.879,0.879,2024-25,Full Series
51125,Nelson,VA,0.854,0.854,2024-25,Full Series
51127,New Kent,VA,0.922,0.922,2024-25,Full Series
51131,Northampton,VA,0.904,0.904,2024-25,Full Series
51133,Northumberland,VA,0.904,0.904,2024-25,Full Series
51135,Nottoway,VA,0.944,0.944,2024-25,Full Series
51137,Orange,VA,0.89,0.89,2024-25,Full Series
51139,Page,VA,0.966,0.966,2024-25,Full Series
51141,Patrick,VA,0.952,0.952,2024-25,Full Series
51143,Pittsylvania,VA,0.89,0.89,2024-25,Full Series
51145,Powhatan,VA,0.89,0.89,2024-25,Full Series
51147,Prince Edward,VA,1,1,2024-25,Full Series
51149,Prince George,VA,0.922,0.922,2024-25,Full Series
51153,Prince William,VA,0.95,0.95,2024-25,Full Series
51155,Pulaski,VA,0.933,0.933,2024-25,Full Series
51157,Rappahannock,VA,0.703,0.703,2024-25,Full Series
51159,Richmond County,VA,0.908,0.908,2024-25,Full Series
51161,Roanoke County,VA,0.913,0.913,2024-25,Full Series
51163,Rockbridge,VA,0.919,0.919,2024-25,Full Series
51165,Rockingham,VA,0.891,0.891,2024-25,Full Series
51167,Russell,VA,0.938,0.938,2024-25,Full Series
51169,Scott,VA,0.954,0.954,2024-25,Full Series
51171,Shenandoah,VA,0.933,0.933,2024-25,Full Series
51173,Smyth,VA,0.961,0.961,2024-25,Full Series
51175,Southampton,VA,0.957,0.957,2024-25,Full Series
51177,Spotsylvania,VA,0.887,0.887,2024-25,Full Series
51179,Stafford,VA,0.91,0.91,2024-25,Full Series
51181,Surry,VA,0.918,0.918,2024-25,Full Series
51183,Sussex,VA,0.75,0.75,2024-25,Full Series
51185,Tazewell,VA,0.858,0.858,2024-25,Full Series
51187,Warren,VA,0.739,0.739,2024-25,Full Series
51191,Washington,VA,0.892,0.892,2024-25,Full Series
51193,Westmoreland,VA,0.934,0.934,2024-25,Full Series
51195,Wise,VA,0.932,0.932,2024-25,Full Series
51197,Wythe,VA,0.897,0.897,2024-25,Full Series
51199,York,VA,0.934,0.934,2024-25,Full Series
51510,Alexandria,VA,0.852,0.852,2024-25,Full Series
51520,Bristol,VA,0.811,0.811,2024-25,Full Series
51530,Buena Vista,VA,0.929,0.929,2024-25,Full Series
51540,Charlottesville,VA,0.867,0.867,2024-25,Full Series
51550,Chesapeake,VA,0.893,0.893,2024-25,Full Series
51570,Colonial Heights,VA,0.938,0.938,2024-25,Full Series
51580,Covington,VA,0.987,0.987,2024-25,Full Series
51590,Danville,VA,0.912,0.912,2024-25,Full Series
51595,Emporia,VA,,,2024-25,Full Series
51600,Fairfax City,VA,0.91,0.91,2024-25,Full Series
51610,Falls Church,VA,0.961,0.961,2024-25,Full Series
51620,Franklin City,VA,0.759,0.759,2024-25,Full Series
51630,Fredericksburg,VA,0.898,0.898,2024-25,Full Series
51640,Galax,VA,0.892,0.892,2024-25,Full Series
51650,Hampton,VA,0.926,0.926,2024-25,Full Series
51660,Harrisonburg,VA,0.884,0.884,2024-25,Full Series
51670,Hopewell,VA,0.72,0.72,2024-25,Full Series
51678,Lexington,VA,0.962,0.962,2024-25,Full Series
51680,Lynchburg,VA,0.715,0.715,2024-25,Full Series
51683,Manassas,VA,0.955,0.955,2024-25,Full Series
51685,Manassas Park,VA,0.958,0.958,2024-25,Full Series
51690,Martinsville,VA,0.991,0.991,2024-25,Full Series
51700,Newport News,VA,0.875,0.875,2024-25,Full Series
51710,Norfolk,VA,0.898,0.898,2024-25,Full Series
51720,Norton,VA,,,2024-25,Full Series
51730,Petersburg,VA,0.877,0.877,2024-25,Full Series
51735,Poquoson,VA,,,2024-25,Full Series
51740,Portsmouth,VA,0.816,0.816,2024-25,Full Series
51750,Radford,VA,0.959,0.959,2024-25,Full Series
51760,Richmond City,VA,0.896,0.896,2024-25,Full Series
51770,Roanoke City,VA,0.93,0.93,2024-25,Full Series
51775,Salem,VA,0.879,0.879,2024-25,Full Series
51790,Staunton,VA,0.967,0.967,2024-25,Full Series
51800,Suffolk,VA,0.936,0.936,2024-25,Full Series
51810,Virginia Beach,VA,0.908,0.908,2024-25,Full Series
51820,Waynesboro,VA,0.946,0.946,2024-25,Full Series
51830,Williamsburg,VA,0.892,0.892,2024-25,Full Series
51840,Winchester,VA,0.935,0.935,2024-25,Full Series
50001,Addison,VT,0.94,0.94,2024-25,2 MMR
50003,Bennington,VT,0.9,0.9,2024-25,2 MMR
50005,Caledonia,VT,0.92,0.92,2024-25,2 MMR
50007,Chittenden,VT,0.95,0.95,2024-25,2 MMR
50009,Essex,VT,,,2024-25,2 MMR
50011,Franklin,VT,0.95,0.95,2024-25,2 MMR
50013,Grand Isle,VT,,,2024-25,2 MMR
50015,Lamoille,VT,0.91,0.91,2024-25,2 MMR
50017,Orange,VT,0.95,0.95,2024-25,2 MMR
50019,Orleans,VT,0.92,0.92,2024-25,2 MMR
50021,Rutland,VT,0.93,0.93,2024-25,2 MMR
50023,Washington,VT,0.93,0.93,2024-25,2 MMR
50025,Windham,VT,0.91,0.91,2024-25,2 MMR
50027,Windsor,VT,0.95,0.95,2024-25,2 MMR
53001,Adams,WA,0.954,0.954,2024-25,2 MMR eqv.
53003,Asotin,WA,0.884,0.884,2024-25,2 MMR eqv.
53005,Benton,WA,0.931,0.931,2024-25,2 MMR eqv.
53007,Chelan,WA,0.924,0.924,2024-25,2 MMR eqv.
53009,Clallam,WA,0.779,0.779,2024-25,2 MMR eqv.
53011,Clark,WA,0.868,0.868,2024-25,2 MMR eqv.
53013,Columbia,WA,0.852,0.852,2024-25,2 MMR eqv.
53015,Cowlitz,WA,0.906,0.906,2024-25,2 MMR eqv.
53017,Douglas,WA,0.939,0.939,2024-25,2 MMR eqv.
53019,Ferry,WA,0.825,0.825,2024-25,2 MMR eqv.
53021,Franklin,WA,0.941,0.941,2024-25,2 MMR eqv.
53023,Garfield,WA,1,1,2024-25,2 MMR eqv.
53025,Grant,WA,0.897,0.897,2024-25,2 MMR eqv.
53027,Grays Harbor,WA,0.9,0.9,2024-25,2 MMR eqv.
53029,Island,WA,0.918,0.918,2024-25,2 MMR eqv.
53031,Jefferson,WA,0.819,0.819,2024-25,2 MMR eqv.
53033,King,WA,0.924,0.924,2024-25,2 MMR eqv.
53035,Kitsap,WA,0.91,0.91,2024-25,2 MMR eqv.
53037,Kittitas,WA,0.905,0.905,2024-25,2 MMR eqv.
53039,Klickitat,WA,0.874,0.874,2024-25,2 MMR eqv.
53041,Lewis,WA,0.892,0.892,2024-25,2 MMR eqv.
53043,Lincoln,WA,0.823,0.823,2024-25,2 MMR eqv.
53045,Mason,WA,0.902,0.902,2024-25,2 MMR eqv.
53047,Okanogan,WA,0.892,0.892,2024-25,2 MMR eqv.
53049,Pacific,WA,0.574,0.574,2024-25,2 MMR eqv.
53051,Pend Oreille,WA,0.74,0.74,2024-25,2 MMR eqv.
53053,Pierce,WA,0.902,0.902,2024-25,2 MMR eqv.
53055,San Juan,WA,0.888,0.888,2024-25,2 MMR eqv.
53057,Skagit,WA,0.898,0.898,2024-25,2 MMR eqv.
53059,Skamania,WA,0.838,0.838,2024-25,2 MMR eqv.
53061,Snohomish,WA,0.922,0.922,2024-25,2 MMR eqv.
53063,Spokane,WA,0.868,0.868,2024-25,2 MMR eqv.
53065,Stevens,WA,0.764,0.764,2024-25,2 MMR eqv.
53067,Thurston,WA,0.926,0.926,2024-25,2 MMR eqv.
53069,Wahkiakum,WA,0.955,0.955,2024-25,2 MMR eqv.
53071,Walla Walla,WA,0.927,0.927,2024-25,2 MMR eqv.
53073,Whatcom,WA,0.86,0.86,2024-25,2 MMR eqv.
53075,Whitman,WA,0.908,0.908,2024-25,2 MMR eqv.
53077,Yakima,WA,0.962,0.962,2024-25,2 MMR eqv.
55001,Adams,WI,0.79,0.79,2024-25,2 MMR
55003,Ashland,WI,0.9,0.9,2024-25,2 MMR
55005,Barron,WI,0.85,0.85,2024-25,2 MMR
55007,Bayfield,WI,0.49,0.49,2024-25,2 MMR
55009,Brown,WI,0.85,0.85,2024-25,2 MMR
55011,Buffalo,WI,0.89,0.89,2024-25,2 MMR
55013,Burnett,WI,0.66,0.66,2024-25,2 MMR
55015,Calumet,WI,0.85,0.85,2024-25,2 MMR
55017,Chippewa,WI,0.71,0.71,2024-25,2 MMR
55019,Clark,WI,0.78,0.78,2024-25,2 MMR
55021,Columbia,WI,0.84,0.84,2024-25,2 MMR
55023,Crawford,WI,0.77,0.77,2024-25,2 MMR
55025,Dane,WI,0.9,0.9,2024-25,2 MMR
55027,Dodge,WI,0.82,0.82,2024-25,2 MMR
55029,Door,WI,0.81,0.81,2024-25,2 MMR
55031,Douglas,WI,0.93,0.93,2024-25,2 MMR
55033,Dunn,WI,0.85,0.85,2024-25,2 MMR
55035,Eau Claire,WI,0.86,0.86,2024-25,2 MMR
55037,Florence,WI,0.76,0.76,2024-25,2 MMR
55039,Fond du Lac,WI,0.83,0.83,2024-25,2 MMR
55041,Forest,WI,0.9,0.9,2024-25,2 MMR
55043,Grant,WI,0.82,0.82,2024-25,2 MMR
55045,Green,WI,0.89,0.89,2024-25,2 MMR
55047,Green Lake,WI,0.86,0.86,2024-25,2 MMR
55049,Iowa,WI,0.53,0.53,2024-25,2 MMR
55051,Iron,WI,0.83,0.83,2024-25,2 MMR
55053,Jackson,WI,0.79,0.79,2024-25,2 MMR
55055,Jefferson,WI,0.84,0.84,2024-25,2 MMR
55057,Juneau,WI,0.72,0.72,2024-25,2 MMR
55059,Kenosha,WI,0.74,0.74,2024-25,2 MMR
55061,Kewaunee,WI,0.9,0.9,2024-25,2 MMR
55063,La Crosse,WI,0.86,0.86,2024-25,2 MMR
55065,Lafayette,WI,0.87,0.87,2024-25,2 MMR
55067,Langlade,WI,0.86,0.86,2024-25,2 MMR
55069,Lincoln,WI,0.85,0.85,2024-25,2 MMR
55071,Manitowoc,WI,0.88,0.88,2024-25,2 MMR
55073,Marathon,WI,0.87,0.87,2024-25,2 MMR
55075,Marinette,WI,0.88,0.88,2024-25,2 MMR
55077,Marquette,WI,0.76,0.76,2024-25,2 MMR
55078,Menominee,WI,0.8,0.8,2024-25,2 MMR
55079,Milwaukee,WI,0.7,0.7,2024-25,2 MMR
55081,Monroe,WI,0.84,0.84,2024-25,2 MMR
55083,Oconto,WI,0.83,0.83,2024-25,2 MMR
55085,Oneida,WI,0.91,0.91,2024-25,2 MMR
55087,Outagamie,WI,0.88,0.88,2024-25,2 MMR
55089,Ozaukee,WI,0.89,0.89,2024-25,2 MMR
55091,Pepin,WI,0.83,0.83,2024-25,2 MMR
55093,Pierce,WI,0.83,0.83,2024-25,2 MMR
55095,Polk,WI,0.84,0.84,2024-25,2 MMR
55097,Portage,WI,0.87,0.87,2024-25,2 MMR
55099,Price,WI,0.5,0.5,2024-25,2 MMR
55101,Racine,WI,0.81,0.81,2024-25,2 MMR
55103,Richland,WI,0.72,0.72,2024-25,2 MMR
55105,Rock,WI,0.88,0.88,2024-25,2 MMR
55107,Rusk,WI,0.86,0.86,2024-25,2 MMR
55109,St Croix,WI,0.77,0.77,2024-25,2 MMR
55111,Sauk,WI,0.83,0.83,2024-25,2 MMR
55113,Sawyer,WI,0.82,0.82,2024-25,2 MMR
55115,Shawano,WI,0.86,0.86,2024-25,2 MMR
55117,Sheboygan,WI,0.87,0.87,2024-25,2 MMR
55119,Taylor,WI,0.84,0.84,2024-25,2 MMR
55121,Trempealeau,WI,0.86,0.86,2024-25,2 MMR
55123,Vernon,WI,0.71,0.71,2024-25,2 MMR
55125,Vilas,WI,0.78,0.78,2024-25,2 MMR
55127,Walworth,WI,0.84,0.84,2024-25,2 MMR
55129,Washburn,WI,0.77,0.77,2024-25,2 MMR
55131,Washington,WI,0.85,0.85,2024-25,2 MMR
55133,Waukesha,WI,0.88,0.88,2024-25,2 MMR
55135,Waupaca,WI,0.83,0.83,2024-25,2 MMR
55137,Waushara,WI,0.8,0.8,2024-25,2 MMR
55139,Winnebago,WI,0.85,0.85,2024-25,2 MMR
55141,Wood,WI,0.49,0.49,2024-25,2 MMR
54001,Barbour,WV,,,2024-25,
54003,Berkeley,WV,,,2024-25,
54005,Boone,WV,,,2024-25,
54007,Braxton,WV,,,2024-25,
54009,Brooke,WV,,,2024-25,
54011,Cabell,WV,,,2024-25,
54013,Calhoun,WV,,,2024-25,
54015,Clay,WV,,,2024-25,
54017,Doddridge,WV,,,2024-25,
54019,Fayette,WV,,,2024-25,
54021,Gilmer,WV,,,2024-25,
54023,Grant,WV,,,2024-25,
54025,Greenbrier,WV,,,2024-25,
54027,Hampshire,WV,,,2024-25,
54029,Hancock,WV,,,2024-25,
54031,Hardy,WV,,,2024-25,
54033,Harrison,WV,,,2024-25,
54035,Jackson,WV,,,2024-25,
54037,Jefferson,WV,,,2024-25,
54039,Kanawha,WV,,,2024-25,
54041,Lewis,WV,,,2024-25,
54043,Lincoln,WV,,,2024-25,
54045,Logan,WV,,,2024-25,
54047,McDowell,WV,,,2024-25,
54049,Marion,WV,,,2024-25,
54051,Marshall,WV,,,2024-25,
54053,Mason,WV,,,2024-25,
54055,Mercer,WV,,,2024-25,
54057,Mineral,WV,,,2024-25,
54059,Mingo,WV,,,2024-25,
54061,Monongalia,WV,,,2024-25,
54063,Monroe,WV,,,2024-25,
54065,Morgan,WV,,,2024-25,
54067,Nicholas,WV,,,2024-25,
54069,Ohio,WV,,,2024-25,
54071,Pendleton,WV,,,2024-25,
54073,Pleasants,WV,,,2024-25,
54075,Pocahontas,WV,,,2024-25,
54077,Preston,WV,,,2024-25,
54079,Putnam,WV,,,2024-25,
54081,Raleigh,WV,,,2024-25,
54083,Randolph,WV,,,2024-25,
54085,Ritchie,WV,,,2024-25,
54087,Roane,WV,,,2024-25,
54089,Summers,WV,,,2024-25,
54091,Taylor,WV,,,2024-25,
54093,Tucker,WV,,,2024-25,
54095,Tyler,WV,,,2024-25,
54097,Upshur,WV,,,2024-25,
54099,Wayne,WV,,,2024-25,
54101,Webster,WV,,,2024-25,
54103,Wetzel,WV,,,2024-25,
54105,Wirt,WV,,,2024-25,
54107,Wood,WV,,,2024-25,
54109,Wyoming,WV,,,2024-25,
56001,Albany,WY,,,2024-25,2 MMR
56003,Big Horn,WY,,,2024-25,2 MMR
56005,Campbell,WY,,,2024-25,2 MMR
56007,Carbon,WY,,,2024-25,2 MMR
56009,Converse,WY,,,2024-25,2 MMR
56011,Crook,WY,,,2024-25,2 MMR
56013,Fremont,WY,,,2024-25,2 MMR
56015,Goshen,WY,,,2024-25,2 MMR
56017,Hot Springs,WY,,,2024-25,2 MMR
56019,Johnson,WY,,,2024-25,2 MMR
56021,Laramie,WY,,,2024-25,2 MMR
56023,Lincoln,WY,,,2024-25,2 MMR
56025,Natrona,WY,,,2024-25,2 MMR
56027,Niobrara,WY,,,2024-25,2 MMR
56029,Park,WY,,,2024-25,2 MMR
56031,Platte,WY,,,2024-25,2 MMR
56033,Sheridan,WY,,,2024-25,2 MMR
56035,Sublette,WY,,,2024-25,2 MMR
56037,Sweetwater,WY,,,2024-25,2 MMR
56039,Teton,WY,,,2024-25,2 MMR
56041,Uinta,WY,,,2024-25,2 MMR
56043,Washakie,WY,,,2024-25,2 MMR
56045,Weston,WY,,,2024-25,2 MMR